;Flughafen_Airline;Datum;mean_Preis;
1;Amsterdam-AUA;01.08.2019;84;0
2;Amsterdam-AUA;02.08.2019;84;0
3;Amsterdam-AUA;03.08.2019;84;0
4;Amsterdam-AUA;04.08.2019;84;0
5;Amsterdam-AUA;05.08.2019;84;0
6;Amsterdam-AUA;06.08.2019;84;0
7;Amsterdam-AUA;07.08.2019;84;0
8;Amsterdam-AUA;08.08.2019;84;0
9;Amsterdam-AUA;09.08.2019;84;0
10;Amsterdam-AUA;10.08.2019;84;0
11;Amsterdam-AUA;11.08.2019;84;0
12;Amsterdam-AUA;12.08.2019;84;0
13;Amsterdam-AUA;13.08.2019;84;0
14;Amsterdam-AUA;14.08.2019;84;0
15;Amsterdam-AUA;15.08.2019;84;0
16;Amsterdam-AUA;16.08.2019;84;0
17;Amsterdam-AUA;17.08.2019;84;0
18;Amsterdam-AUA;18.08.2019;84;0
19;Amsterdam-AUA;19.08.2019;84;0
20;Amsterdam-AUA;20.08.2019;84;0
21;Amsterdam-AUA;21.08.2019;84;0
22;Amsterdam-AUA;22.08.2019;86,66666667;0,031746032
23;Amsterdam-AUA;23.08.2019;84;-0,030769231
24;Amsterdam-AUA;24.08.2019;84;0
25;Amsterdam-AUA;25.08.2019;84;0
26;Amsterdam-AUA;26.08.2019;84;0
27;Amsterdam-AUA;27.08.2019;84;0
28;Amsterdam-AUA;28.08.2019;84;0
29;Amsterdam-AUA;29.08.2019;84;0
30;Amsterdam-AUA;30.08.2019;84;0
31;Amsterdam-AUA;31.08.2019;84;0
32;Amsterdam-AUA;01.09.2019;84;0
33;Amsterdam-AUA;02.09.2019;84;0
34;Amsterdam-AUA;03.09.2019;84;0
35;Amsterdam-AUA;04.09.2019;84;0
36;Amsterdam-AUA;05.09.2019;83,66666667;-0,003968254
37;Amsterdam-AUA;06.09.2019;83;-0,007968127
38;Amsterdam-AUA;07.09.2019;83;0
39;Amsterdam-AUA;08.09.2019;83;0
40;Amsterdam-AUA;09.09.2019;83;0
41;Amsterdam-AUA;10.09.2019;83;0
42;Amsterdam-AUA;11.09.2019;83;0
43;Amsterdam-AUA;12.09.2019;83;0
44;Amsterdam-AUA;13.09.2019;83;0
45;Amsterdam-AUA;14.09.2019;83;0
46;Amsterdam-AUA;15.09.2019;83;0
47;Amsterdam-AUA;16.09.2019;83;0
48;Amsterdam-AUA;17.09.2019;83;0
49;Amsterdam-AUA;18.09.2019;83;0
50;Amsterdam-AUA;19.09.2019;83;0
51;Amsterdam-AUA;20.09.2019;83;0
52;Amsterdam-AUA;21.09.2019;83;0
53;Amsterdam-AUA;22.09.2019;83;0
54;Amsterdam-AUA;23.09.2019;83;0
55;Amsterdam-AUA;24.09.2019;83;0
56;Amsterdam-AUA;25.09.2019;83;0
57;Amsterdam-AUA;26.09.2019;83;0
58;Amsterdam-AUA;27.09.2019;83;0
59;Amsterdam-AUA;28.09.2019;83;0
60;Amsterdam-AUA;29.09.2019;83;0
61;Amsterdam-AUA;30.09.2019;83,33333333;0,004016064
62;Amsterdam-AUA;01.10.2019;84;0,008
63;Amsterdam-AUA;02.10.2019;84,33333333;0,003968254
64;Amsterdam-AUA;03.10.2019;84;-0,003952569
65;Amsterdam-AUA;04.10.2019;86;0,023809524
66;Amsterdam-AUA;05.10.2019;88;0,023255814
67;Amsterdam-AUA;06.10.2019;88;0
68;Amsterdam-AUA;07.10.2019;88;0
69;Amsterdam-AUA;08.10.2019;88;0
70;Amsterdam-AUA;09.10.2019;88;0
71;Amsterdam-AUA;10.10.2019;88;0
72;Amsterdam-AUA;11.10.2019;88;0
73;Amsterdam-AUA;12.10.2019;88;0
74;Amsterdam-AUA;13.10.2019;88;0
75;Amsterdam-AUA;14.10.2019;88;0
76;Amsterdam-AUA;15.10.2019;88;0
77;Amsterdam-AUA;16.10.2019;90,33333333;0,026515152
78;Amsterdam-AUA;17.10.2019;93;0,029520295
79;Amsterdam-AUA;18.10.2019;83;-0,107526882
80;Amsterdam-AUA;19.10.2019;83;0
81;Amsterdam-AUA;20.10.2019;83;0
82;Amsterdam-AUA;21.10.2019;83;0
83;Amsterdam-AUA;22.10.2019;83;0
84;Amsterdam-AUA;23.10.2019;84,66666667;0,020080321
85;Amsterdam-AUA;24.10.2019;88;0,039370079
86;Amsterdam-AUA;25.10.2019;88;0
87;Amsterdam-AUA;26.10.2019;88;0
88;Amsterdam-AUA;27.10.2019;88;0
89;Amsterdam-AUA;28.10.2019;88;0
90;Amsterdam-AUA;29.10.2019;88;0
91;Amsterdam-AUA;30.10.2019;88;0
92;Amsterdam-AUA;31.10.2019;88,66666667;0,007575758
93;Amsterdam-AUA;01.11.2019;89;0,003759398
94;Amsterdam-AUA;02.11.2019;89;0
95;Amsterdam-AUA;03.11.2019;89;0
96;Amsterdam-AUA;04.11.2019;88,33333333;-0,007490637
97;Amsterdam-AUA;05.11.2019;88;-0,003773585
98;Amsterdam-AUA;06.11.2019;88;0
99;Amsterdam-AUA;07.11.2019;88;0
100;Amsterdam-AUA;08.11.2019;88;0
101;Amsterdam-AUA;09.11.2019;88;0
102;Amsterdam-AUA;10.11.2019;88;0
103;Amsterdam-AUA;11.11.2019;88;0
104;Amsterdam-AUA;12.11.2019;88;0
105;Amsterdam-AUA;13.11.2019;88;0
106;Amsterdam-AUA;14.11.2019;88;0
107;Amsterdam-AUA;15.11.2019;88;0
108;Amsterdam-AUA;16.11.2019;88;0
109;Amsterdam-AUA;17.11.2019;88;0
110;Amsterdam-AUA;18.11.2019;88;0
111;Amsterdam-AUA;19.11.2019;88;0
112;Amsterdam-AUA;20.11.2019;88;0
113;Amsterdam-AUA;21.11.2019;88,33333333;0,003787879
114;Amsterdam-AUA;22.11.2019;87,66666667;-0,00754717
115;Amsterdam-AUA;23.11.2019;87;-0,007604563
116;Amsterdam-AUA;24.11.2019;87;0
117;Amsterdam-AUA;25.11.2019;87,33333333;0,003831418
118;Amsterdam-AUA;26.11.2019;88;0,007633588
119;Amsterdam-AUA;27.11.2019;88;0
120;Amsterdam-AUA;28.11.2019;88;0
121;Amsterdam-AUA;29.11.2019;88;0
122;Amsterdam-AUA;30.11.2019;88;0
123;Amsterdam-AUA;01.12.2019;88;0
124;Amsterdam-AUA;02.12.2019;88;0
125;Amsterdam-AUA;03.12.2019;98;0,113636364
126;Amsterdam-AUA;04.12.2019;103;0,051020408
127;Amsterdam-AUA;05.12.2019;103;0
128;Amsterdam-AUA;06.12.2019;103;0
129;Amsterdam-AUA;07.12.2019;103;0
130;Amsterdam-AUA;08.12.2019;103;0
131;Amsterdam-AUA;09.12.2019;103;0
132;Amsterdam-AUA;10.12.2019;117,3333333;0,139158576
133;Amsterdam-AUA;11.12.2019;117;-0,002840909
134;Amsterdam-AUA;12.12.2019;113,3333333;-0,031339031
135;Amsterdam-AUA;13.12.2019;119;0,05
136;Amsterdam-AUA;14.12.2019;109;-0,084033613
137;Amsterdam-AUA;15.12.2019;114;0,04587156
138;Amsterdam-AUA;16.12.2019;119;0,043859649
139;Amsterdam-AUA;17.12.2019;117,6666667;-0,011204482
140;Amsterdam-AUA;18.12.2019;117;-0,005665722
141;Amsterdam-AUA;19.12.2019;117,6666667;0,005698006
142;Amsterdam-AUA;20.12.2019;117,6666667;0
143;Amsterdam-AUA;21.12.2019;117;-0,005665722
144;Amsterdam-AUA;22.12.2019;117;0
145;Amsterdam-AUA;23.12.2019;116;-0,008547009
146;Amsterdam-AUA;24.12.2019;141;0,215517241
147;Amsterdam-AUA;25.12.2019;141;0
148;Amsterdam-AUA;26.12.2019;141;0
149;Amsterdam-AUA;27.12.2019;141;0
150;Amsterdam-AUA;28.12.2019;116;-0,177304965
151;Amsterdam-AUA;29.12.2019;116;0
152;Amsterdam-AUA;30.12.2019;116;0
153;Amsterdam-AUA;31.12.2019;116;0
154;Amsterdam-AUA;01.01.2020;116;0
155;Amsterdam-AUA;02.01.2020;118;0,017241379
156;Amsterdam-AUA;03.01.2020;142;0,203389831
157;Amsterdam-AUA;04.01.2020;125,3333333;-0,117370892
158;Amsterdam-AUA;05.01.2020;133,6666667;0,066489362
159;Amsterdam-AUA;06.01.2020;133,6666667;0
160;Amsterdam-AUA;07.01.2020;142,3333333;0,064837905
161;Amsterdam-AUA;08.01.2020;110,3333333;-0,224824356
162;Amsterdam-AUA;09.01.2020;102,6666667;-0,069486405
163;Amsterdam-AUA;10.01.2020;128;0,246753247
164;Amsterdam-AUA;11.01.2020;138;0,078125
165;Amsterdam-AUA;12.01.2020;158;0,144927536
166;Amsterdam-AUA;13.01.2020;158;0
167;Amsterdam-AUA;14.01.2020;157,3333333;-0,004219409
168;Amsterdam-AUA;15.01.2020;241;0,531779661
169;Amsterdam-AUA;16.01.2020;271;0,124481328
170;Amsterdam-AUA;17.01.2020;365,3333333;0,348093481
171;Amsterdam-AUA;18.01.2020;434;0,187956204
172;Amsterdam-AUA;19.01.2020;434;0
173;Amsterdam-KLM;01.08.2019;104;0
174;Amsterdam-KLM;02.08.2019;104;0
175;Amsterdam-KLM;03.08.2019;104;0
176;Amsterdam-KLM;04.08.2019;104;0
177;Amsterdam-KLM;05.08.2019;104;0
178;Amsterdam-KLM;06.08.2019;104;0
179;Amsterdam-KLM;07.08.2019;108,6666667;0,044871795
180;Amsterdam-KLM;08.08.2019;96;-0,116564417
181;Amsterdam-KLM;09.08.2019;96;0
182;Amsterdam-KLM;10.08.2019;96;0
183;Amsterdam-KLM;11.08.2019;96;0
184;Amsterdam-KLM;12.08.2019;96;0
185;Amsterdam-KLM;13.08.2019;96;0
186;Amsterdam-KLM;14.08.2019;96;0
187;Amsterdam-KLM;15.08.2019;96;0
188;Amsterdam-KLM;16.08.2019;96;0
189;Amsterdam-KLM;17.08.2019;96;0
190;Amsterdam-KLM;18.08.2019;96;0
191;Amsterdam-KLM;19.08.2019;96;0
192;Amsterdam-KLM;20.08.2019;96;0
193;Amsterdam-KLM;21.08.2019;96;0
194;Amsterdam-KLM;22.08.2019;96;0
195;Amsterdam-KLM;23.08.2019;89;-0,072916667
196;Amsterdam-KLM;24.08.2019;89;0
197;Amsterdam-KLM;25.08.2019;89;0
198;Amsterdam-KLM;26.08.2019;89;0
199;Amsterdam-KLM;27.08.2019;89;0
200;Amsterdam-KLM;28.08.2019;89;0
201;Amsterdam-KLM;29.08.2019;89;0
202;Amsterdam-KLM;30.08.2019;89;0
203;Amsterdam-KLM;31.08.2019;89;0
204;Amsterdam-KLM;01.09.2019;89;0
205;Amsterdam-KLM;02.09.2019;89;0
206;Amsterdam-KLM;03.09.2019;89;0
207;Amsterdam-KLM;04.09.2019;89;0
208;Amsterdam-KLM;05.09.2019;89;0
209;Amsterdam-KLM;06.09.2019;89;0
210;Amsterdam-KLM;07.09.2019;89;0
211;Amsterdam-KLM;08.09.2019;89;0
212;Amsterdam-KLM;09.09.2019;89;0
213;Amsterdam-KLM;10.09.2019;89;0
214;Amsterdam-KLM;11.09.2019;89;0
215;Amsterdam-KLM;12.09.2019;89;0
216;Amsterdam-KLM;13.09.2019;89;0
217;Amsterdam-KLM;14.09.2019;89;0
218;Amsterdam-KLM;15.09.2019;89;0
219;Amsterdam-KLM;16.09.2019;89;0
220;Amsterdam-KLM;17.09.2019;89;0
221;Amsterdam-KLM;18.09.2019;89;0
222;Amsterdam-KLM;19.09.2019;89;0
223;Amsterdam-KLM;20.09.2019;89;0
224;Amsterdam-KLM;21.09.2019;89;0
225;Amsterdam-KLM;22.09.2019;89;0
226;Amsterdam-KLM;23.09.2019;89;0
227;Amsterdam-KLM;24.09.2019;89;0
228;Amsterdam-KLM;25.09.2019;99;0,112359551
229;Amsterdam-KLM;26.09.2019;99;0
230;Amsterdam-KLM;27.09.2019;99;0
231;Amsterdam-KLM;28.09.2019;109;0,101010101
232;Amsterdam-KLM;29.09.2019;109;0
233;Amsterdam-KLM;30.09.2019;109;0
234;Amsterdam-KLM;01.10.2019;109;0
235;Amsterdam-KLM;02.10.2019;109;0
236;Amsterdam-KLM;03.10.2019;109;0
237;Amsterdam-KLM;04.10.2019;109;0
238;Amsterdam-KLM;05.10.2019;109;0
239;Amsterdam-KLM;06.10.2019;109;0
240;Amsterdam-KLM;07.10.2019;109;0
241;Amsterdam-KLM;08.10.2019;109;0
242;Amsterdam-KLM;09.10.2019;109;0
243;Amsterdam-KLM;10.10.2019;109;0
244;Amsterdam-KLM;11.10.2019;141,6666667;0,29969419
245;Amsterdam-KLM;12.10.2019;171;0,207058824
246;Amsterdam-KLM;13.10.2019;171;0
247;Amsterdam-KLM;14.10.2019;171;0
248;Amsterdam-KLM;15.10.2019;171;0
249;Amsterdam-KLM;16.10.2019;171;0
250;Amsterdam-KLM;17.10.2019;171;0
251;Amsterdam-KLM;18.10.2019;171;0
252;Amsterdam-KLM;19.10.2019;171;0
253;Amsterdam-KLM;20.10.2019;171;0
254;Amsterdam-KLM;21.10.2019;171;0
255;Amsterdam-KLM;22.10.2019;171;0
256;Amsterdam-KLM;23.10.2019;171;0
257;Amsterdam-KLM;24.10.2019;171;0
258;Amsterdam-KLM;25.10.2019;167;-0,023391813
259;Amsterdam-KLM;26.10.2019;167;0
260;Amsterdam-KLM;27.10.2019;179,3333333;0,073852295
261;Amsterdam-KLM;28.10.2019;180;0,003717472
262;Amsterdam-KLM;29.10.2019;180;0
263;Amsterdam-KLM;30.10.2019;180;0
264;Amsterdam-KLM;31.10.2019;180;0
265;Amsterdam-KLM;01.11.2019;180;0
266;Amsterdam-KLM;02.11.2019;158;-0,122222222
267;Amsterdam-KLM;03.11.2019;167;0,056962025
268;Amsterdam-KLM;04.11.2019;167;0
269;Amsterdam-KLM;05.11.2019;167;0
270;Amsterdam-KLM;06.11.2019;167;0
271;Amsterdam-KLM;07.11.2019;158;-0,053892216
272;Amsterdam-KLM;08.11.2019;158;0
273;Amsterdam-KLM;09.11.2019;158;0
274;Amsterdam-KLM;10.11.2019;158;0
275;Amsterdam-KLM;11.11.2019;158;0
276;Amsterdam-KLM;12.11.2019;158;0
277;Amsterdam-KLM;13.11.2019;158;0
278;Amsterdam-KLM;14.11.2019;166,6666667;0,054852321
279;Amsterdam-KLM;15.11.2019;171;0,026
280;Amsterdam-KLM;16.11.2019;171;0
281;Amsterdam-KLM;17.11.2019;171;0
282;Amsterdam-KLM;18.11.2019;158;-0,076023392
283;Amsterdam-KLM;19.11.2019;158;0
284;Amsterdam-KLM;20.11.2019;158;0
285;Amsterdam-KLM;21.11.2019;158;0
286;Amsterdam-KLM;22.11.2019;158;0
287;Amsterdam-KLM;23.11.2019;151;-0,044303797
288;Amsterdam-KLM;24.11.2019;171;0,132450331
289;Amsterdam-KLM;25.11.2019;171;0
290;Amsterdam-KLM;26.11.2019;171;0
291;Amsterdam-KLM;27.11.2019;171;0
292;Amsterdam-KLM;28.11.2019;171;0
293;Amsterdam-KLM;29.11.2019;123;-0,280701754
294;Amsterdam-KLM;30.11.2019;99;-0,195121951
295;Amsterdam-KLM;01.12.2019;99;0
296;Amsterdam-KLM;02.12.2019;99;0
297;Amsterdam-KLM;03.12.2019;99;0
298;Amsterdam-KLM;04.12.2019;99;0
299;Amsterdam-KLM;05.12.2019;99;0
300;Amsterdam-KLM;06.12.2019;99;0
301;Amsterdam-KLM;07.12.2019;99;0
302;Amsterdam-KLM;08.12.2019;105,6666667;0,067340067
303;Amsterdam-KLM;09.12.2019;109;0,031545741
304;Amsterdam-KLM;10.12.2019;99;-0,091743119
305;Amsterdam-KLM;11.12.2019;109;0,101010101
306;Amsterdam-KLM;12.12.2019;109;0
307;Amsterdam-KLM;13.12.2019;109;0
308;Amsterdam-KLM;14.12.2019;109;0
309;Amsterdam-KLM;15.12.2019;109;0
310;Amsterdam-KLM;16.12.2019;106,3333333;-0,024464832
311;Amsterdam-KLM;17.12.2019;109;0,02507837
312;Amsterdam-KLM;18.12.2019;109;0
313;Amsterdam-KLM;19.12.2019;112,3333333;0,03058104
314;Amsterdam-KLM;20.12.2019;119;0,059347181
315;Amsterdam-KLM;21.12.2019;119;0
316;Amsterdam-KLM;22.12.2019;119;0
317;Amsterdam-KLM;23.12.2019;119;0
318;Amsterdam-KLM;24.12.2019;119;0
319;Amsterdam-KLM;25.12.2019;119;0
320;Amsterdam-KLM;26.12.2019;119;0
321;Amsterdam-KLM;27.12.2019;119;0
322;Amsterdam-KLM;28.12.2019;119;0
323;Amsterdam-KLM;29.12.2019;119;0
324;Amsterdam-KLM;30.12.2019;119;0
325;Amsterdam-KLM;31.12.2019;119;0
326;Amsterdam-KLM;01.01.2020;119;0
327;Amsterdam-KLM;02.01.2020;119;0
328;Amsterdam-KLM;03.01.2020;131;0,100840336
329;Amsterdam-KLM;04.01.2020;131;0
330;Amsterdam-KLM;05.01.2020;131;0
331;Amsterdam-KLM;06.01.2020;144;0,099236641
332;Amsterdam-KLM;07.01.2020;129,6666667;-0,099537037
333;Amsterdam-KLM;08.01.2020;180,6666667;0,393316195
334;Amsterdam-KLM;09.01.2020;242;0,339483395
335;Amsterdam-KLM;10.01.2020;222;-0,082644628
336;Amsterdam-KLM;11.01.2020;241;0,085585586
337;Amsterdam-KLM;12.01.2020;205;-0,149377593
338;Amsterdam-KLM;13.01.2020;217;0,058536585
339;Amsterdam-KLM;14.01.2020;241;0,110599078
340;Amsterdam-KLM;15.01.2020;253;0,049792531
341;Amsterdam-KLM;16.01.2020;251,3333333;-0,006587615
342;Amsterdam-KLM;17.01.2020;251,3333333;0
343;Amsterdam-KLM;18.01.2020;272;0,082228117
344;Amsterdam-KLM;19.01.2020;251,3333333;-0,075980392
345;Bangkok-AUA;01.08.2019;808,6666667;0
346;Bangkok-AUA;02.08.2019;778,6666667;-0,037098104
347;Bangkok-AUA;03.08.2019;805;0,033818493
348;Bangkok-AUA;04.08.2019;815,3333333;0,012836439
349;Bangkok-AUA;05.08.2019;820,3333333;0,006132461
350;Bangkok-AUA;06.08.2019;814,6666667;-0,006907761
351;Bangkok-AUA;07.08.2019;814;-0,000818331
352;Bangkok-AUA;08.08.2019;820;0,007371007
353;Bangkok-AUA;09.08.2019;809,3333333;-0,01300813
354;Bangkok-AUA;10.08.2019;753,3333333;-0,069192751
355;Bangkok-AUA;11.08.2019;760;0,008849558
356;Bangkok-AUA;12.08.2019;743;-0,022368421
357;Bangkok-AUA;13.08.2019;743,6666667;0,000897263
358;Bangkok-AUA;14.08.2019;743,6666667;0
359;Bangkok-AUA;15.08.2019;745;0,001792918
360;Bangkok-AUA;16.08.2019;721,3333333;-0,031767338
361;Bangkok-AUA;17.08.2019;646;-0,104436229
362;Bangkok-AUA;18.08.2019;646;0
363;Bangkok-AUA;19.08.2019;650;0,00619195
364;Bangkok-AUA;20.08.2019;649,6666667;-0,000512821
365;Bangkok-AUA;21.08.2019;654;0,006670087
366;Bangkok-AUA;22.08.2019;673,6666667;0,030071356
367;Bangkok-AUA;23.08.2019;736,3333333;0,093023256
368;Bangkok-AUA;24.08.2019;782;0,062019013
369;Bangkok-AUA;25.08.2019;765;-0,02173913
370;Bangkok-AUA;26.08.2019;766;0,00130719
371;Bangkok-AUA;27.08.2019;767;0,001305483
372;Bangkok-AUA;28.08.2019;766,3333333;-0,000869187
373;Bangkok-AUA;29.08.2019;766,6666667;0,000434972
374;Bangkok-AUA;30.08.2019;766,6666667;0
375;Bangkok-AUA;31.08.2019;764;-0,003478261
376;Bangkok-AUA;01.09.2019;788,6666667;0,032286213
377;Bangkok-AUA;02.09.2019;809,6666667;0,026627219
378;Bangkok-AUA;03.09.2019;814,6666667;0,006175381
379;Bangkok-AUA;04.09.2019;809,6666667;-0,00613748
380;Bangkok-AUA;05.09.2019;775;-0,042815974
381;Bangkok-AUA;06.09.2019;701,3333333;-0,095053763
382;Bangkok-AUA;07.09.2019;699,6666667;-0,002376426
383;Bangkok-AUA;08.09.2019;692;-0,010957599
384;Bangkok-AUA;09.09.2019;700,6666667;0,012524085
385;Bangkok-AUA;10.09.2019;720;0,027592769
386;Bangkok-AUA;11.09.2019;763,6666667;0,060648148
387;Bangkok-AUA;12.09.2019;766,6666667;0,003928416
388;Bangkok-AUA;13.09.2019;768;0,00173913
389;Bangkok-AUA;14.09.2019;764;-0,005208333
390;Bangkok-AUA;15.09.2019;764;0
391;Bangkok-AUA;16.09.2019;768,3333333;0,005671902
392;Bangkok-AUA;17.09.2019;674,6666667;-0,121908894
393;Bangkok-AUA;18.09.2019;710,6666667;0,053359684
394;Bangkok-AUA;19.09.2019;768;0,080675422
395;Bangkok-AUA;20.09.2019;766,6666667;-0,001736111
396;Bangkok-AUA;21.09.2019;764,3333333;-0,003043478
397;Bangkok-AUA;22.09.2019;764;-0,00043611
398;Bangkok-AUA;23.09.2019;766;0,002617801
399;Bangkok-AUA;24.09.2019;767,6666667;0,002175805
400;Bangkok-AUA;25.09.2019;767,6666667;0
401;Bangkok-AUA;26.09.2019;767,6666667;0
402;Bangkok-AUA;27.09.2019;767,6666667;0
403;Bangkok-AUA;28.09.2019;764;-0,004776379
404;Bangkok-AUA;29.09.2019;765,6666667;0,002181501
405;Bangkok-AUA;30.09.2019;767,6666667;0,002612103
406;Bangkok-AUA;01.10.2019;766,3333333;-0,001736865
407;Bangkok-AUA;02.10.2019;769;0,003479774
408;Bangkok-AUA;03.10.2019;766,3333333;-0,003467707
409;Bangkok-AUA;04.10.2019;765,6666667;-0,000869943
410;Bangkok-AUA;05.10.2019;762;-0,004788855
411;Bangkok-AUA;06.10.2019;762;0
412;Bangkok-AUA;07.10.2019;767;0,00656168
413;Bangkok-AUA;08.10.2019;765,6666667;-0,001738375
414;Bangkok-AUA;09.10.2019;765,6666667;0
415;Bangkok-AUA;10.10.2019;765,6666667;0
416;Bangkok-AUA;11.10.2019;766,6666667;0,001306051
417;Bangkok-AUA;12.10.2019;793,6666667;0,035217391
418;Bangkok-AUA;13.10.2019;805;0,014279714
419;Bangkok-AUA;14.10.2019;809,3333333;0,005383023
420;Bangkok-AUA;15.10.2019;742,6666667;-0,082372323
421;Bangkok-AUA;16.10.2019;746,6666667;0,005385996
422;Bangkok-AUA;17.10.2019;732,6666667;-0,01875
423;Bangkok-AUA;18.10.2019;748;0,020928116
424;Bangkok-AUA;19.10.2019;757,6666667;0,012923351
425;Bangkok-AUA;20.10.2019;743;-0,019357677
426;Bangkok-AUA;21.10.2019;746;0,004037685
427;Bangkok-AUA;22.10.2019;765;0,025469169
428;Bangkok-AUA;23.10.2019;774,6666667;0,012636166
429;Bangkok-AUA;24.10.2019;773,3333333;-0,00172117
430;Bangkok-AUA;25.10.2019;774,6666667;0,001724138
431;Bangkok-AUA;26.10.2019;771;-0,004733219
432;Bangkok-AUA;27.10.2019;771;0
433;Bangkok-AUA;28.10.2019;775,3333333;0,005620406
434;Bangkok-AUA;29.10.2019;775;-0,000429923
435;Bangkok-AUA;30.10.2019;723,6666667;-0,066236559
436;Bangkok-AUA;31.10.2019;673,3333333;-0,069553201
437;Bangkok-AUA;01.11.2019;666;-0,010891089
438;Bangkok-AUA;02.11.2019;696;0,045045045
439;Bangkok-AUA;03.11.2019;676;-0,028735632
440;Bangkok-AUA;04.11.2019;676,6666667;0,000986193
441;Bangkok-AUA;05.11.2019;698,3333333;0,032019704
442;Bangkok-AUA;06.11.2019;716,3333333;0,025775656
443;Bangkok-AUA;07.11.2019;701;-0,021405305
444;Bangkok-AUA;08.11.2019;732,6666667;0,045173562
445;Bangkok-AUA;09.11.2019;741;0,011373976
446;Bangkok-AUA;10.11.2019;762;0,028340081
447;Bangkok-AUA;11.11.2019;791;0,038057743
448;Bangkok-AUA;12.11.2019;839,3333333;0,061104088
449;Bangkok-AUA;13.11.2019;845;0,00675139
450;Bangkok-AUA;14.11.2019;843,3333333;-0,001972387
451;Bangkok-AUA;15.11.2019;842;-0,001581028
452;Bangkok-AUA;16.11.2019;839,6666667;-0,00277118
453;Bangkok-AUA;17.11.2019;877,3333333;0,044859071
454;Bangkok-AUA;18.11.2019;909,3333333;0,036474164
455;Bangkok-AUA;19.11.2019;726,3333333;-0,201246334
456;Bangkok-AUA;20.11.2019;821,6666667;0,131252868
457;Bangkok-AUA;21.11.2019;835,6666667;0,01703854
458;Bangkok-AUA;22.11.2019;828,3333333;-0,008775429
459;Bangkok-AUA;23.11.2019;825;-0,004024145
460;Bangkok-AUA;24.11.2019;832;0,008484848
461;Bangkok-AUA;25.11.2019;807,3333333;-0,029647436
462;Bangkok-AUA;26.11.2019;769,3333333;-0,047068538
463;Bangkok-AUA;27.11.2019;773,6666667;0,005632582
464;Bangkok-AUA;28.11.2019;763,3333333;-0,013356312
465;Bangkok-AUA;29.11.2019;801;0,049344978
466;Bangkok-AUA;30.11.2019;807,6666667;0,00832293
467;Bangkok-AUA;01.12.2019;807;-0,000825423
468;Bangkok-AUA;02.12.2019;811;0,004956629
469;Bangkok-AUA;03.12.2019;811,3333333;0,000411015
470;Bangkok-AUA;04.12.2019;716,3333333;-0,117091208
471;Bangkok-AUA;05.12.2019;740,3333333;0,033503955
472;Bangkok-AUA;06.12.2019;699;-0,055830707
473;Bangkok-AUA;07.12.2019;672;-0,038626609
474;Bangkok-AUA;08.12.2019;652;-0,029761905
475;Bangkok-AUA;09.12.2019;672;0,030674847
476;Bangkok-AUA;10.12.2019;735,6666667;0,094742063
477;Bangkok-AUA;11.12.2019;809,6666667;0,100589035
478;Bangkok-AUA;12.12.2019;818,6666667;0,011115685
479;Bangkok-AUA;13.12.2019;835,6666667;0,020765472
480;Bangkok-AUA;14.12.2019;832,6666667;-0,003589948
481;Bangkok-AUA;15.12.2019;832,6666667;0
482;Bangkok-AUA;16.12.2019;835;0,002802242
483;Bangkok-AUA;17.12.2019;891,3333333;0,06746507
484;Bangkok-AUA;18.12.2019;834,3333333;-0,06394914
485;Bangkok-AUA;19.12.2019;834,6666667;0,000399521
486;Bangkok-AUA;20.12.2019;834;-0,000798722
487;Bangkok-AUA;21.12.2019;832;-0,002398082
488;Bangkok-AUA;22.12.2019;832;0
489;Bangkok-AUA;23.12.2019;845,3333333;0,016025641
490;Bangkok-AUA;24.12.2019;840,3333333;-0,005914826
491;Bangkok-AUA;25.12.2019;889;0,057913526
492;Bangkok-AUA;26.12.2019;907,3333333;0,020622422
493;Bangkok-AUA;27.12.2019;905,3333333;-0,002204262
494;Bangkok-AUA;28.12.2019;903,3333333;-0,002209131
495;Bangkok-AUA;29.12.2019;903,3333333;0
496;Bangkok-AUA;30.12.2019;907,3333333;0,004428044
497;Bangkok-AUA;31.12.2019;905,6666667;-0,001836885
498;Bangkok-AUA;01.01.2020;906;0,000368053
499;Bangkok-AUA;02.01.2020;912,3333333;0,006990434
500;Bangkok-AUA;03.01.2020;964;0,056631348
501;Bangkok-AUA;04.01.2020;1000,333333;0,03769018
502;Bangkok-AUA;05.01.2020;999;-0,001332889
503;Bangkok-AUA;06.01.2020;906;-0,093093093
504;Bangkok-AUA;07.01.2020;1002,666667;0,1066961
505;Bangkok-AUA;08.01.2020;1001,666667;-0,00099734
506;Bangkok-AUA;09.01.2020;1004;0,002329451
507;Bangkok-AUA;10.01.2020;945,3333333;-0,058432935
508;Bangkok-AUA;11.01.2020;909,6666667;-0,037729196
509;Bangkok-AUA;12.01.2020;909,6666667;0
510;Bangkok-AUA;13.01.2020;1198,666667;0,317698791
511;Bangkok-AUA;14.01.2020;1020,666667;-0,148498331
512;Bangkok-AUA;15.01.2020;1126,666667;0,10385369
513;Bangkok-AUA;16.01.2020;1206;0,070414201
514;Bangkok-AUA;17.01.2020;1260,333333;0,045052515
515;Bangkok-AUA;18.01.2020;1136,333333;-0,09838667
516;Bangkok-AUA;19.01.2020;1148;0,01026694
517;Bangkok-THA;01.08.2019;660;0
518;Bangkok-THA;02.08.2019;705,3333333;0,068686869
519;Bangkok-THA;03.08.2019;710,3333333;0,007088847
520;Bangkok-THA;04.08.2019;710,6666667;0,000469263
521;Bangkok-THA;05.08.2019;694,6666667;-0,022514071
522;Bangkok-THA;06.08.2019;708,6666667;0,020153551
523;Bangkok-THA;07.08.2019;714;0,00752587
524;Bangkok-THA;08.08.2019;713,6666667;-0,000466853
525;Bangkok-THA;09.08.2019;699,6666667;-0,019617001
526;Bangkok-THA;10.08.2019;661;-0,055264412
527;Bangkok-THA;11.08.2019;658,3333333;-0,004034291
528;Bangkok-THA;12.08.2019;661;0,004050633
529;Bangkok-THA;13.08.2019;654;-0,010590015
530;Bangkok-THA;14.08.2019;654,6666667;0,001019368
531;Bangkok-THA;15.08.2019;675,3333333;0,031568228
532;Bangkok-THA;16.08.2019;559;-0,172260612
533;Bangkok-THA;17.08.2019;519;-0,071556351
534;Bangkok-THA;18.08.2019;519;0
535;Bangkok-THA;19.08.2019;527;0,015414258
536;Bangkok-THA;20.08.2019;536;0,017077799
537;Bangkok-THA;21.08.2019;522;-0,026119403
538;Bangkok-THA;22.08.2019;523;0,001915709
539;Bangkok-THA;23.08.2019;523;0
540;Bangkok-THA;24.08.2019;520;-0,005736138
541;Bangkok-THA;25.08.2019;520;0
542;Bangkok-THA;26.08.2019;526,3333333;0,012179487
543;Bangkok-THA;27.08.2019;527;0,001266624
544;Bangkok-THA;28.08.2019;531;0,007590133
545;Bangkok-THA;29.08.2019;535,6666667;0,008788449
546;Bangkok-THA;30.08.2019;527;-0,016179216
547;Bangkok-THA;31.08.2019;519;-0,015180266
548;Bangkok-THA;01.09.2019;519;0
549;Bangkok-THA;02.09.2019;522,3333333;0,006422608
550;Bangkok-THA;03.09.2019;523;0,001276324
551;Bangkok-THA;04.09.2019;523;0
552;Bangkok-THA;05.09.2019;528,6666667;0,010834927
553;Bangkok-THA;06.09.2019;531;0,004413619
554;Bangkok-THA;07.09.2019;533,6666667;0,005021971
555;Bangkok-THA;08.09.2019;532;-0,003123048
556;Bangkok-THA;09.09.2019;544;0,022556391
557;Bangkok-THA;10.09.2019;545,3333333;0,00245098
558;Bangkok-THA;11.09.2019;560;0,026894866
559;Bangkok-THA;12.09.2019;565,6666667;0,010119048
560;Bangkok-THA;13.09.2019;564,3333333;-0,002357101
561;Bangkok-THA;14.09.2019;562;-0,004134672
562;Bangkok-THA;15.09.2019;562;0
563;Bangkok-THA;16.09.2019;566,3333333;0,007710558
564;Bangkok-THA;17.09.2019;591,6666667;0,044732195
565;Bangkok-THA;18.09.2019;796;0,345352113
566;Bangkok-THA;19.09.2019;794,3333333;-0,002093802
567;Bangkok-THA;20.09.2019;818,6666667;0,030633655
568;Bangkok-THA;21.09.2019;836;0,021172638
569;Bangkok-THA;22.09.2019;831,3333333;-0,005582137
570;Bangkok-THA;23.09.2019;838;0,008019246
571;Bangkok-THA;24.09.2019;835;-0,003579952
572;Bangkok-THA;25.09.2019;835,3333333;0,000399202
573;Bangkok-THA;26.09.2019;855,6666667;0,02434158
574;Bangkok-THA;27.09.2019;866;0,012076354
575;Bangkok-THA;28.09.2019;863,6666667;-0,00269438
576;Bangkok-THA;29.09.2019;861,3333333;-0,00270166
577;Bangkok-THA;30.09.2019;873,6666667;0,014318885
578;Bangkok-THA;01.10.2019;937;0,072491415
579;Bangkok-THA;02.10.2019;867;-0,07470651
580;Bangkok-THA;03.10.2019;862;-0,005767013
581;Bangkok-THA;04.10.2019;866;0,004640371
582;Bangkok-THA;05.10.2019;861,6666667;-0,005003849
583;Bangkok-THA;06.10.2019;863,6666667;0,002321083
584;Bangkok-THA;07.10.2019;867,3333333;0,004245465
585;Bangkok-THA;08.10.2019;878;0,012298232
586;Bangkok-THA;09.10.2019;950,3333333;0,082384207
587;Bangkok-THA;10.10.2019;934,6666667;-0,016485444
588;Bangkok-THA;11.10.2019;934,6666667;0
589;Bangkok-THA;12.10.2019;939,6666667;0,005349501
590;Bangkok-THA;13.10.2019;950,3333333;0,011351543
591;Bangkok-THA;14.10.2019;938,6666667;-0,012276394
592;Bangkok-THA;15.10.2019;926;-0,013494318
593;Bangkok-THA;16.10.2019;932,6666667;0,007199424
594;Bangkok-THA;17.10.2019;920,3333333;-0,013223731
595;Bangkok-THA;18.10.2019;944,6666667;0,026439696
596;Bangkok-THA;19.10.2019;925;-0,020818631
597;Bangkok-THA;20.10.2019;923;-0,002162162
598;Bangkok-THA;21.10.2019;928,3333333;0,005778259
599;Bangkok-THA;22.10.2019;924;-0,004667864
600;Bangkok-THA;23.10.2019;930,6666667;0,007215007
601;Bangkok-THA;24.10.2019;934,6666667;0,004297994
602;Bangkok-THA;25.10.2019;931,3333333;-0,003566334
603;Bangkok-THA;26.10.2019;924;-0,007874016
604;Bangkok-THA;27.10.2019;927,6666667;0,003968254
605;Bangkok-THA;28.10.2019;931,3333333;0,003952569
606;Bangkok-THA;29.10.2019;931,6666667;0,00035791
607;Bangkok-THA;30.10.2019;932;0,000357782
608;Bangkok-THA;31.10.2019;935;0,003218884
609;Bangkok-THA;01.11.2019;949,3333333;0,015329768
610;Bangkok-THA;02.11.2019;954;0,00491573
611;Bangkok-THA;03.11.2019;953,3333333;-0,000698812
612;Bangkok-THA;04.11.2019;984,6666667;0,032867133
613;Bangkok-THA;05.11.2019;958;-0,027081923
614;Bangkok-THA;06.11.2019;1067,666667;0,1144746
615;Bangkok-THA;07.11.2019;1063,333333;-0,004058695
616;Bangkok-THA;08.11.2019;1103;0,037304075
617;Bangkok-THA;09.11.2019;1109;0,00543971
618;Bangkok-THA;10.11.2019;1109;0
619;Bangkok-THA;11.11.2019;1106,333333;-0,002404569
620;Bangkok-THA;12.11.2019;1110;0,003314251
621;Bangkok-THA;13.11.2019;981;-0,116216216
622;Bangkok-THA;14.11.2019;981,3333333;0,000339789
623;Bangkok-THA;15.11.2019;981,6666667;0,000339674
624;Bangkok-THA;16.11.2019;981,3333333;-0,000339559
625;Bangkok-THA;17.11.2019;982;0,000679348
626;Bangkok-THA;18.11.2019;982;0
627;Bangkok-THA;19.11.2019;908;-0,075356415
628;Bangkok-THA;20.11.2019;908;0
629;Bangkok-THA;21.11.2019;895,6666667;-0,013582966
630;Bangkok-THA;22.11.2019;878,6666667;-0,018980275
631;Bangkok-THA;23.11.2019;868,6666667;-0,01138088
632;Bangkok-THA;24.11.2019;868,6666667;0
633;Bangkok-THA;25.11.2019;894;0,029163469
634;Bangkok-THA;26.11.2019;909;0,016778523
635;Bangkok-THA;27.11.2019;907,3333333;-0,001833517
636;Bangkok-THA;28.11.2019;909;0,001836885
637;Bangkok-THA;29.11.2019;909;0
638;Bangkok-THA;30.11.2019;909;0
639;Bangkok-THA;01.12.2019;908,6666667;-0,000366703
640;Bangkok-THA;02.12.2019;906,3333333;-0,002567865
641;Bangkok-THA;03.12.2019;948;0,045972784
642;Bangkok-THA;04.12.2019;981;0,034810127
643;Bangkok-THA;05.12.2019;971,6666667;-0,009514101
644;Bangkok-THA;06.12.2019;980;0,008576329
645;Bangkok-THA;07.12.2019;921,3333333;-0,059863946
646;Bangkok-THA;08.12.2019;897,3333333;-0,026049204
647;Bangkok-THA;09.12.2019;897,3333333;0
648;Bangkok-THA;10.12.2019;1005,333333;0,120356612
649;Bangkok-THA;11.12.2019;1193;0,186671088
650;Bangkok-THA;12.12.2019;1191,333333;-0,001397038
651;Bangkok-THA;13.12.2019;1141,666667;-0,041689983
652;Bangkok-THA;14.12.2019;1110,666667;-0,027153285
653;Bangkok-THA;15.12.2019;1032;-0,070828331
654;Bangkok-THA;16.12.2019;1275,666667;0,236111111
655;Bangkok-THA;17.12.2019;1198,666667;-0,060360596
656;Bangkok-THA;18.12.2019;1097,333333;-0,084538376
657;Bangkok-THA;19.12.2019;1037;-0,054981774
658;Bangkok-THA;20.12.2019;969;-0,06557377
659;Bangkok-THA;21.12.2019;923,6666667;-0,046783626
660;Bangkok-THA;22.12.2019;924;0,000360881
661;Bangkok-THA;23.12.2019;1123;0,215367965
662;Bangkok-THA;24.12.2019;1183,333333;0,053725141
663;Bangkok-THA;25.12.2019;1014,333333;-0,142816901
664;Bangkok-THA;26.12.2019;994;-0,020046007
665;Bangkok-THA;27.12.2019;1006;0,012072435
666;Bangkok-THA;28.12.2019;1063;0,05666004
667;Bangkok-THA;29.12.2019;1063;0
668;Bangkok-THA;30.12.2019;1006;-0,053621825
669;Bangkok-THA;31.12.2019;1062;0,055666004
670;Bangkok-THA;01.01.2020;1043,666667;-0,017263026
671;Bangkok-THA;02.01.2020;1037;-0,006387736
672;Bangkok-THA;03.01.2020;1017;-0,019286403
673;Bangkok-THA;04.01.2020;1050,666667;0,0331039
674;Bangkok-THA;05.01.2020;1062;0,010786802
675;Bangkok-THA;06.01.2020;1071,666667;0,009102323
676;Bangkok-THA;07.01.2020;1073,333333;0,00155521
677;Bangkok-THA;08.01.2020;1062;-0,010559006
678;Bangkok-THA;09.01.2020;1064,333333;0,002197112
679;Bangkok-THA;10.01.2020;1063;-0,00125274
680;Bangkok-THA;11.01.2020;1119,666667;0,053308247
681;Bangkok-THA;12.01.2020;1192;0,06460256
682;Bangkok-THA;13.01.2020;1143,333333;-0,04082774
683;Bangkok-THA;14.01.2020;1192;0,042565598
684;Bangkok-THA;15.01.2020;1114;-0,065436242
685;Bangkok-THA;16.01.2020;1171;0,051166966
686;Bangkok-THA;17.01.2020;1176;0,004269855
687;Bangkok-THA;18.01.2020;1151;-0,021258503
688;Bangkok-THA;19.01.2020;1187;0,03127715
689;Berlin-AUA;01.08.2019;84;0
690;Berlin-AUA;02.08.2019;84;0
691;Berlin-AUA;03.08.2019;84;0
692;Berlin-AUA;04.08.2019;84;0
693;Berlin-AUA;05.08.2019;84;0
694;Berlin-AUA;06.08.2019;84;0
695;Berlin-AUA;07.08.2019;84;0
696;Berlin-AUA;08.08.2019;84;0
697;Berlin-AUA;09.08.2019;84;0
698;Berlin-AUA;10.08.2019;84;0
699;Berlin-AUA;11.08.2019;84;0
700;Berlin-AUA;12.08.2019;84;0
701;Berlin-AUA;13.08.2019;84;0
702;Berlin-AUA;14.08.2019;84;0
703;Berlin-AUA;15.08.2019;84;0
704;Berlin-AUA;16.08.2019;84;0
705;Berlin-AUA;17.08.2019;84;0
706;Berlin-AUA;18.08.2019;84;0
707;Berlin-AUA;19.08.2019;84;0
708;Berlin-AUA;20.08.2019;84;0
709;Berlin-AUA;21.08.2019;84;0
710;Berlin-AUA;22.08.2019;84;0
711;Berlin-AUA;23.08.2019;84;0
712;Berlin-AUA;24.08.2019;84;0
713;Berlin-AUA;25.08.2019;84;0
714;Berlin-AUA;26.08.2019;84;0
715;Berlin-AUA;27.08.2019;84;0
716;Berlin-AUA;28.08.2019;84;0
717;Berlin-AUA;29.08.2019;84;0
718;Berlin-AUA;30.08.2019;84;0
719;Berlin-AUA;31.08.2019;84;0
720;Berlin-AUA;01.09.2019;84;0
721;Berlin-AUA;02.09.2019;84;0
722;Berlin-AUA;03.09.2019;84;0
723;Berlin-AUA;04.09.2019;84;0
724;Berlin-AUA;05.09.2019;83,66666667;-0,003968254
725;Berlin-AUA;06.09.2019;83;-0,007968127
726;Berlin-AUA;07.09.2019;83;0
727;Berlin-AUA;08.09.2019;83;0
728;Berlin-AUA;09.09.2019;83;0
729;Berlin-AUA;10.09.2019;83;0
730;Berlin-AUA;11.09.2019;83;0
731;Berlin-AUA;12.09.2019;83;0
732;Berlin-AUA;13.09.2019;83;0
733;Berlin-AUA;14.09.2019;83;0
734;Berlin-AUA;15.09.2019;83;0
735;Berlin-AUA;16.09.2019;83;0
736;Berlin-AUA;17.09.2019;83;0
737;Berlin-AUA;18.09.2019;83;0
738;Berlin-AUA;19.09.2019;83;0
739;Berlin-AUA;20.09.2019;83;0
740;Berlin-AUA;21.09.2019;83;0
741;Berlin-AUA;22.09.2019;83;0
742;Berlin-AUA;23.09.2019;83;0
743;Berlin-AUA;24.09.2019;83;0
744;Berlin-AUA;25.09.2019;83;0
745;Berlin-AUA;26.09.2019;83;0
746;Berlin-AUA;27.09.2019;83;0
747;Berlin-AUA;28.09.2019;83;0
748;Berlin-AUA;29.09.2019;83;0
749;Berlin-AUA;30.09.2019;83,33333333;0,004016064
750;Berlin-AUA;01.10.2019;84;0,008
751;Berlin-AUA;02.10.2019;84;0
752;Berlin-AUA;03.10.2019;84;0
753;Berlin-AUA;04.10.2019;83,66666667;-0,003968254
754;Berlin-AUA;05.10.2019;83;-0,007968127
755;Berlin-AUA;06.10.2019;83;0
756;Berlin-AUA;07.10.2019;83;0
757;Berlin-AUA;08.10.2019;83,33333333;0,004016064
758;Berlin-AUA;09.10.2019;83;-0,004
759;Berlin-AUA;10.10.2019;83;0
760;Berlin-AUA;11.10.2019;83;0
761;Berlin-AUA;12.10.2019;83;0
762;Berlin-AUA;13.10.2019;83;0
763;Berlin-AUA;14.10.2019;83;0
764;Berlin-AUA;15.10.2019;83;0
765;Berlin-AUA;16.10.2019;84;0,012048193
766;Berlin-AUA;17.10.2019;88;0,047619048
767;Berlin-AUA;18.10.2019;87;-0,011363636
768;Berlin-AUA;19.10.2019;87;0
769;Berlin-AUA;20.10.2019;87;0
770;Berlin-AUA;21.10.2019;87;0
771;Berlin-AUA;22.10.2019;87;0
772;Berlin-AUA;23.10.2019;87;0
773;Berlin-AUA;24.10.2019;87;0
774;Berlin-AUA;25.10.2019;87;0
775;Berlin-AUA;26.10.2019;87;0
776;Berlin-AUA;27.10.2019;87;0
777;Berlin-AUA;28.10.2019;87;0
778;Berlin-AUA;29.10.2019;87;0
779;Berlin-AUA;30.10.2019;87;0
780;Berlin-AUA;31.10.2019;87,66666667;0,007662835
781;Berlin-AUA;01.11.2019;88;0,003802281
782;Berlin-AUA;02.11.2019;88;0
783;Berlin-AUA;03.11.2019;88;0
784;Berlin-AUA;04.11.2019;87,33333333;-0,007575758
785;Berlin-AUA;05.11.2019;87,66666667;0,003816794
786;Berlin-AUA;06.11.2019;88;0,003802281
787;Berlin-AUA;07.11.2019;88;0
788;Berlin-AUA;08.11.2019;88;0
789;Berlin-AUA;09.11.2019;88;0
790;Berlin-AUA;10.11.2019;88;0
791;Berlin-AUA;11.11.2019;88;0
792;Berlin-AUA;12.11.2019;87,33333333;-0,007575758
793;Berlin-AUA;13.11.2019;87;-0,003816794
794;Berlin-AUA;14.11.2019;87;0
795;Berlin-AUA;15.11.2019;87;0
796;Berlin-AUA;16.11.2019;87;0
797;Berlin-AUA;17.11.2019;87;0
798;Berlin-AUA;18.11.2019;87;0
799;Berlin-AUA;19.11.2019;87;0
800;Berlin-AUA;20.11.2019;87;0
801;Berlin-AUA;21.11.2019;87,33333333;0,003831418
802;Berlin-AUA;22.11.2019;87,33333333;0
803;Berlin-AUA;23.11.2019;88;0,007633588
804;Berlin-AUA;24.11.2019;88;0
805;Berlin-AUA;25.11.2019;88;0
806;Berlin-AUA;26.11.2019;88;0
807;Berlin-AUA;27.11.2019;88;0
808;Berlin-AUA;28.11.2019;88;0
809;Berlin-AUA;29.11.2019;88;0
810;Berlin-AUA;30.11.2019;88;0
811;Berlin-AUA;01.12.2019;88;0
812;Berlin-AUA;02.12.2019;88;0
813;Berlin-AUA;03.12.2019;88;0
814;Berlin-AUA;04.12.2019;88;0
815;Berlin-AUA;05.12.2019;88;0
816;Berlin-AUA;06.12.2019;88;0
817;Berlin-AUA;07.12.2019;88;0
818;Berlin-AUA;08.12.2019;88;0
819;Berlin-AUA;09.12.2019;88;0
820;Berlin-AUA;10.12.2019;87,33333333;-0,007575758
821;Berlin-AUA;11.12.2019;87;-0,003816794
822;Berlin-AUA;12.12.2019;89;0,022988506
823;Berlin-AUA;13.12.2019;90;0,011235955
824;Berlin-AUA;14.12.2019;90;0
825;Berlin-AUA;15.12.2019;90;0
826;Berlin-AUA;16.12.2019;90;0
827;Berlin-AUA;17.12.2019;88,66666667;-0,014814815
828;Berlin-AUA;18.12.2019;88;-0,007518797
829;Berlin-AUA;19.12.2019;123,6666667;0,40530303
830;Berlin-AUA;20.12.2019;123,6666667;0
831;Berlin-AUA;21.12.2019;123;-0,005390836
832;Berlin-AUA;22.12.2019;123;0
833;Berlin-AUA;23.12.2019;123;0
834;Berlin-AUA;24.12.2019;123;0
835;Berlin-AUA;25.12.2019;123;0
836;Berlin-AUA;26.12.2019;123;0
837;Berlin-AUA;27.12.2019;123;0
838;Berlin-AUA;28.12.2019;123;0
839;Berlin-AUA;29.12.2019;123;0
840;Berlin-AUA;30.12.2019;123;0
841;Berlin-AUA;31.12.2019;123;0
842;Berlin-AUA;01.01.2020;123;0
843;Berlin-AUA;02.01.2020;125;0,016260163
844;Berlin-AUA;03.01.2020;124;-0,008
845;Berlin-AUA;04.01.2020;124;0
846;Berlin-AUA;05.01.2020;124;0
847;Berlin-AUA;06.01.2020;124;0
848;Berlin-AUA;07.01.2020;124;0
849;Berlin-AUA;08.01.2020;124;0
850;Berlin-AUA;09.01.2020;125,3333333;0,010752688
851;Berlin-AUA;10.01.2020;91;-0,27393617
852;Berlin-AUA;11.01.2020;105,3333333;0,157509158
853;Berlin-AUA;12.01.2020;106;0,006329114
854;Berlin-AUA;13.01.2020;105,6666667;-0,003144654
855;Berlin-AUA;14.01.2020;104,3333333;-0,012618297
856;Berlin-AUA;15.01.2020;103;-0,012779553
857;Berlin-AUA;16.01.2020;103,6666667;0,006472492
858;Berlin-AUA;17.01.2020;104;0,003215434
859;Berlin-AUA;18.01.2020;124;0,192307692
860;Berlin-AUA;19.01.2020;199,6666667;0,610215054
861;Berlin-EZY;01.08.2019;69;0
862;Berlin-EZY;02.08.2019;69;0
863;Berlin-EZY;03.08.2019;69;0
864;Berlin-EZY;04.08.2019;69;0
865;Berlin-EZY;05.08.2019;69;0
866;Berlin-EZY;06.08.2019;69;0
867;Berlin-EZY;07.08.2019;69;0
868;Berlin-EZY;08.08.2019;69;0
869;Berlin-EZY;09.08.2019;69;0
870;Berlin-EZY;10.08.2019;69;0
871;Berlin-EZY;11.08.2019;69;0
872;Berlin-EZY;12.08.2019;69;0
873;Berlin-EZY;13.08.2019;69;0
874;Berlin-EZY;14.08.2019;69;0
875;Berlin-EZY;15.08.2019;69;0
876;Berlin-EZY;16.08.2019;69;0
877;Berlin-EZY;17.08.2019;69;0
878;Berlin-EZY;18.08.2019;69;0
879;Berlin-EZY;19.08.2019;69;0
880;Berlin-EZY;20.08.2019;69;0
881;Berlin-EZY;21.08.2019;69;0
882;Berlin-EZY;22.08.2019;69;0
883;Berlin-EZY;23.08.2019;69;0
884;Berlin-EZY;24.08.2019;69;0
885;Berlin-EZY;25.08.2019;69;0
886;Berlin-EZY;26.08.2019;69;0
887;Berlin-EZY;27.08.2019;69;0
888;Berlin-EZY;28.08.2019;69;0
889;Berlin-EZY;29.08.2019;69;0
890;Berlin-EZY;30.08.2019;69;0
891;Berlin-EZY;31.08.2019;69;0
892;Berlin-EZY;01.09.2019;69;0
893;Berlin-EZY;02.09.2019;69;0
894;Berlin-EZY;03.09.2019;69;0
895;Berlin-EZY;04.09.2019;69;0
896;Berlin-EZY;05.09.2019;69;0
897;Berlin-EZY;06.09.2019;69;0
898;Berlin-EZY;07.09.2019;69;0
899;Berlin-EZY;08.09.2019;69;0
900;Berlin-EZY;09.09.2019;69;0
901;Berlin-EZY;10.09.2019;69;0
902;Berlin-EZY;11.09.2019;69;0
903;Berlin-EZY;12.09.2019;69;0
904;Berlin-EZY;13.09.2019;69;0
905;Berlin-EZY;14.09.2019;69;0
906;Berlin-EZY;15.09.2019;69;0
907;Berlin-EZY;16.09.2019;69;0
908;Berlin-EZY;17.09.2019;69;0
909;Berlin-EZY;18.09.2019;69;0
910;Berlin-EZY;19.09.2019;69;0
911;Berlin-EZY;20.09.2019;69;0
912;Berlin-EZY;21.09.2019;69;0
913;Berlin-EZY;22.09.2019;69;0
914;Berlin-EZY;23.09.2019;69;0
915;Berlin-EZY;24.09.2019;69;0
916;Berlin-EZY;25.09.2019;69;0
917;Berlin-EZY;26.09.2019;69;0
918;Berlin-EZY;27.09.2019;69;0
919;Berlin-EZY;28.09.2019;69;0
920;Berlin-EZY;29.09.2019;69;0
921;Berlin-EZY;30.09.2019;69;0
922;Berlin-EZY;01.10.2019;69;0
923;Berlin-EZY;02.10.2019;69;0
924;Berlin-EZY;03.10.2019;65,66666667;-0,048309179
925;Berlin-EZY;04.10.2019;64;-0,025380711
926;Berlin-EZY;05.10.2019;64;0
927;Berlin-EZY;06.10.2019;64;0
928;Berlin-EZY;07.10.2019;64;0
929;Berlin-EZY;08.10.2019;69;0,078125
930;Berlin-EZY;09.10.2019;64;-0,072463768
931;Berlin-EZY;10.10.2019;64;0
932;Berlin-EZY;11.10.2019;64;0
933;Berlin-EZY;12.10.2019;64;0
934;Berlin-EZY;13.10.2019;64;0
935;Berlin-EZY;14.10.2019;64;0
936;Berlin-EZY;15.10.2019;64;0
937;Berlin-EZY;16.10.2019;64;0
938;Berlin-EZY;17.10.2019;64;0
939;Berlin-EZY;18.10.2019;64;0
940;Berlin-EZY;19.10.2019;64;0
941;Berlin-EZY;20.10.2019;64;0
942;Berlin-EZY;21.10.2019;64;0
943;Berlin-EZY;22.10.2019;64;0
944;Berlin-EZY;23.10.2019;64;0
945;Berlin-EZY;24.10.2019;64;0
946;Berlin-EZY;25.10.2019;64;0
947;Berlin-EZY;26.10.2019;64;0
948;Berlin-EZY;27.10.2019;66;0,03125
949;Berlin-EZY;28.10.2019;66;0
950;Berlin-EZY;29.10.2019;66;0
951;Berlin-EZY;30.10.2019;66;0
952;Berlin-EZY;31.10.2019;66;0
953;Berlin-EZY;01.11.2019;66;0
954;Berlin-EZY;02.11.2019;66;0
955;Berlin-EZY;03.11.2019;64;-0,03030303
956;Berlin-EZY;04.11.2019;64;0
957;Berlin-EZY;05.11.2019;64;0
958;Berlin-EZY;06.11.2019;64;0
959;Berlin-EZY;07.11.2019;68;0,0625
960;Berlin-EZY;08.11.2019;70;0,029411765
961;Berlin-EZY;09.11.2019;70;0
962;Berlin-EZY;10.11.2019;70;0
963;Berlin-EZY;11.11.2019;70;0
964;Berlin-EZY;12.11.2019;70;0
965;Berlin-EZY;13.11.2019;70;0
966;Berlin-EZY;14.11.2019;70;0
967;Berlin-EZY;15.11.2019;70;0
968;Berlin-EZY;16.11.2019;70;0
969;Berlin-EZY;17.11.2019;70;0
970;Berlin-EZY;18.11.2019;70;0
971;Berlin-EZY;19.11.2019;70;0
972;Berlin-EZY;20.11.2019;70;0
973;Berlin-EZY;21.11.2019;70;0
974;Berlin-EZY;22.11.2019;70;0
975;Berlin-EZY;23.11.2019;70;0
976;Berlin-EZY;24.11.2019;70,33333333;0,004761905
977;Berlin-EZY;25.11.2019;71;0,009478673
978;Berlin-EZY;26.11.2019;71;0
979;Berlin-EZY;27.11.2019;69;-0,028169014
980;Berlin-EZY;28.11.2019;65;-0,057971014
981;Berlin-EZY;29.11.2019;65;0
982;Berlin-EZY;30.11.2019;65;0
983;Berlin-EZY;01.12.2019;65;0
984;Berlin-EZY;02.12.2019;65;0
985;Berlin-EZY;03.12.2019;65;0
986;Berlin-EZY;04.12.2019;63,66666667;-0,020512821
987;Berlin-EZY;05.12.2019;63;-0,010471204
988;Berlin-EZY;06.12.2019;63,66666667;0,010582011
989;Berlin-EZY;07.12.2019;64;0,005235602
990;Berlin-EZY;08.12.2019;64;0
991;Berlin-EZY;09.12.2019;64;0
992;Berlin-EZY;10.12.2019;64;0
993;Berlin-EZY;11.12.2019;64;0
994;Berlin-EZY;12.12.2019;64;0
995;Berlin-EZY;13.12.2019;64;0
996;Berlin-EZY;14.12.2019;64;0
997;Berlin-EZY;15.12.2019;64;0
998;Berlin-EZY;16.12.2019;62,66666667;-0,020833333
999;Berlin-EZY;17.12.2019;62;-0,010638298
1000;Berlin-EZY;18.12.2019;62,66666667;0,010752688
1001;Berlin-EZY;19.12.2019;63;0,005319149
1002;Berlin-EZY;20.12.2019;57;-0,095238095
1003;Berlin-EZY;21.12.2019;54,33333333;-0,046783626
1004;Berlin-EZY;22.12.2019;53;-0,024539877
1005;Berlin-EZY;23.12.2019;52,33333333;-0,012578616
1006;Berlin-EZY;24.12.2019;52;-0,006369427
1007;Berlin-EZY;25.12.2019;50,66666667;-0,025641026
1008;Berlin-EZY;26.12.2019;50;-0,013157895
1009;Berlin-EZY;27.12.2019;52,66666667;0,053333333
1010;Berlin-EZY;28.12.2019;54;0,025316456
1011;Berlin-EZY;29.12.2019;54;0
1012;Berlin-EZY;30.12.2019;54,66666667;0,012345679
1013;Berlin-EZY;31.12.2019;55;0,006097561
1014;Berlin-EZY;01.01.2020;48;-0,127272727
1015;Berlin-EZY;02.01.2020;48;0
1016;Berlin-EZY;03.01.2020;48;0
1017;Berlin-EZY;04.01.2020;53,33333333;0,111111111
1018;Berlin-EZY;05.01.2020;64;0,2
1019;Berlin-EZY;06.01.2020;64;0
1020;Berlin-EZY;07.01.2020;64;0
1021;Berlin-EZY;08.01.2020;70,66666667;0,104166667
1022;Berlin-EZY;09.01.2020;76;0,075471698
1023;Berlin-EZY;10.01.2020;76;0
1024;Berlin-EZY;11.01.2020;74;-0,026315789
1025;Berlin-EZY;12.01.2020;74;0
1026;Berlin-EZY;13.01.2020;76,66666667;0,036036036
1027;Berlin-EZY;14.01.2020;84;0,095652174
1028;Berlin-EZY;15.01.2020;84;0
1029;Berlin-EZY;16.01.2020;84;0
1030;Berlin-EZY;17.01.2020;92,33333333;0,099206349
1031;Berlin-EZY;18.01.2020;87;-0,057761733
1032;Berlin-EZY;19.01.2020;86;-0,011494253
1033;Lissabon-AUA;01.08.2019;239;0
1034;Lissabon-AUA;02.08.2019;239;0
1035;Lissabon-AUA;03.08.2019;239,6666667;0,0027894
1036;Lissabon-AUA;04.08.2019;239;-0,002781641
1037;Lissabon-AUA;05.08.2019;240;0,0041841
1038;Lissabon-AUA;06.08.2019;240,6666667;0,002777778
1039;Lissabon-AUA;07.08.2019;239,3333333;-0,005540166
1040;Lissabon-AUA;08.08.2019;239;-0,001392758
1041;Lissabon-AUA;09.08.2019;239;0
1042;Lissabon-AUA;10.08.2019;239;0
1043;Lissabon-AUA;11.08.2019;239;0
1044;Lissabon-AUA;12.08.2019;239;0
1045;Lissabon-AUA;13.08.2019;239;0
1046;Lissabon-AUA;14.08.2019;239;0
1047;Lissabon-AUA;15.08.2019;245,6666667;0,027894003
1048;Lissabon-AUA;16.08.2019;249;0,013568521
1049;Lissabon-AUA;17.08.2019;249;0
1050;Lissabon-AUA;18.08.2019;249;0
1051;Lissabon-AUA;19.08.2019;249;0
1052;Lissabon-AUA;20.08.2019;249;0
1053;Lissabon-AUA;21.08.2019;249;0
1054;Lissabon-AUA;22.08.2019;249;0
1055;Lissabon-AUA;23.08.2019;249;0
1056;Lissabon-AUA;24.08.2019;249;0
1057;Lissabon-AUA;25.08.2019;249;0
1058;Lissabon-AUA;26.08.2019;249;0
1059;Lissabon-AUA;27.08.2019;249;0
1060;Lissabon-AUA;28.08.2019;249;0
1061;Lissabon-AUA;29.08.2019;249;0
1062;Lissabon-AUA;30.08.2019;249;0
1063;Lissabon-AUA;31.08.2019;249;0
1064;Lissabon-AUA;01.09.2019;249;0
1065;Lissabon-AUA;02.09.2019;249;0
1066;Lissabon-AUA;03.09.2019;249;0
1067;Lissabon-AUA;04.09.2019;249;0
1068;Lissabon-AUA;05.09.2019;249;0
1069;Lissabon-AUA;06.09.2019;248;-0,004016064
1070;Lissabon-AUA;07.09.2019;248;0
1071;Lissabon-AUA;08.09.2019;248;0
1072;Lissabon-AUA;09.09.2019;248;0
1073;Lissabon-AUA;10.09.2019;248;0
1074;Lissabon-AUA;11.09.2019;248;0
1075;Lissabon-AUA;12.09.2019;248;0
1076;Lissabon-AUA;13.09.2019;248;0
1077;Lissabon-AUA;14.09.2019;248;0
1078;Lissabon-AUA;15.09.2019;248;0
1079;Lissabon-AUA;16.09.2019;248;0
1080;Lissabon-AUA;17.09.2019;248;0
1081;Lissabon-AUA;18.09.2019;248;0
1082;Lissabon-AUA;19.09.2019;248;0
1083;Lissabon-AUA;20.09.2019;248;0
1084;Lissabon-AUA;21.09.2019;248;0
1085;Lissabon-AUA;22.09.2019;248;0
1086;Lissabon-AUA;23.09.2019;248;0
1087;Lissabon-AUA;24.09.2019;248;0
1088;Lissabon-AUA;25.09.2019;248;0
1089;Lissabon-AUA;26.09.2019;248;0
1090;Lissabon-AUA;27.09.2019;248;0
1091;Lissabon-AUA;28.09.2019;248;0
1092;Lissabon-AUA;29.09.2019;248;0
1093;Lissabon-AUA;30.09.2019;255,6666667;0,030913978
1094;Lissabon-AUA;01.10.2019;303,3333333;0,186440678
1095;Lissabon-AUA;02.10.2019;303;-0,001098901
1096;Lissabon-AUA;03.10.2019;303,6666667;0,00220022
1097;Lissabon-AUA;04.10.2019;303;-0,00219539
1098;Lissabon-AUA;05.10.2019;303;0
1099;Lissabon-AUA;06.10.2019;303;0
1100;Lissabon-AUA;07.10.2019;303;0
1101;Lissabon-AUA;08.10.2019;303;0
1102;Lissabon-AUA;09.10.2019;303;0
1103;Lissabon-AUA;10.10.2019;303;0
1104;Lissabon-AUA;11.10.2019;303;0
1105;Lissabon-AUA;12.10.2019;303;0
1106;Lissabon-AUA;13.10.2019;291,3333333;-0,03850385
1107;Lissabon-AUA;14.10.2019;268;-0,080091533
1108;Lissabon-AUA;15.10.2019;268;0
1109;Lissabon-AUA;16.10.2019;258,3333333;-0,036069652
1110;Lissabon-AUA;17.10.2019;253;-0,020645161
1111;Lissabon-AUA;18.10.2019;253;0
1112;Lissabon-AUA;19.10.2019;253;0
1113;Lissabon-AUA;20.10.2019;253;0
1114;Lissabon-AUA;21.10.2019;253;0
1115;Lissabon-AUA;22.10.2019;253;0
1116;Lissabon-AUA;23.10.2019;253;0
1117;Lissabon-AUA;24.10.2019;253;0
1118;Lissabon-AUA;25.10.2019;253;0
1119;Lissabon-AUA;26.10.2019;253;0
1120;Lissabon-AUA;27.10.2019;253;0
1121;Lissabon-AUA;28.10.2019;253;0
1122;Lissabon-AUA;29.10.2019;253;0
1123;Lissabon-AUA;30.10.2019;253;0
1124;Lissabon-AUA;31.10.2019;253,6666667;0,002635046
1125;Lissabon-AUA;01.11.2019;254;0,00131406
1126;Lissabon-AUA;02.11.2019;252,6666667;-0,005249344
1127;Lissabon-AUA;03.11.2019;253;0,001319261
1128;Lissabon-AUA;04.11.2019;252,6666667;-0,001317523
1129;Lissabon-AUA;05.11.2019;252,3333333;-0,001319261
1130;Lissabon-AUA;06.11.2019;252;-0,001321004
1131;Lissabon-AUA;07.11.2019;252,3333333;0,001322751
1132;Lissabon-AUA;08.11.2019;251,3333333;-0,003963012
1133;Lissabon-AUA;09.11.2019;252,3333333;0,00397878
1134;Lissabon-AUA;10.11.2019;252,3333333;0
1135;Lissabon-AUA;11.11.2019;252;-0,001321004
1136;Lissabon-AUA;12.11.2019;252,3333333;0,001322751
1137;Lissabon-AUA;13.11.2019;252,6666667;0,001321004
1138;Lissabon-AUA;14.11.2019;253;0,001319261
1139;Lissabon-AUA;15.11.2019;252,3333333;-0,002635046
1140;Lissabon-AUA;16.11.2019;252,6666667;0,001321004
1141;Lissabon-AUA;17.11.2019;252;-0,002638522
1142;Lissabon-AUA;18.11.2019;252,6666667;0,002645503
1143;Lissabon-AUA;19.11.2019;251,6666667;-0,003957784
1144;Lissabon-AUA;20.11.2019;251,6666667;0
1145;Lissabon-AUA;21.11.2019;252,6666667;0,00397351
1146;Lissabon-AUA;22.11.2019;252,6666667;0
1147;Lissabon-AUA;23.11.2019;252,6666667;0
1148;Lissabon-AUA;24.11.2019;253,3333333;0,002638522
1149;Lissabon-AUA;25.11.2019;253,3333333;0
1150;Lissabon-AUA;26.11.2019;252,6666667;-0,002631579
1151;Lissabon-AUA;27.11.2019;252;-0,002638522
1152;Lissabon-AUA;28.11.2019;253;0,003968254
1153;Lissabon-AUA;29.11.2019;253;0
1154;Lissabon-AUA;30.11.2019;252,6666667;-0,001317523
1155;Lissabon-AUA;01.12.2019;259;0,025065963
1156;Lissabon-AUA;02.12.2019;273;0,054054054
1157;Lissabon-AUA;03.12.2019;272,6666667;-0,001221001
1158;Lissabon-AUA;04.12.2019;272,6666667;0
1159;Lissabon-AUA;05.12.2019;272,6666667;0
1160;Lissabon-AUA;06.12.2019;273;0,001222494
1161;Lissabon-AUA;07.12.2019;271,6666667;-0,004884005
1162;Lissabon-AUA;08.12.2019;271;-0,002453988
1163;Lissabon-AUA;09.12.2019;272,6666667;0,006150062
1164;Lissabon-AUA;10.12.2019;272,6666667;0
1165;Lissabon-AUA;11.12.2019;266,3333333;-0,023227384
1166;Lissabon-AUA;12.12.2019;252,6666667;-0,051314143
1167;Lissabon-AUA;13.12.2019;252,3333333;-0,001319261
1168;Lissabon-AUA;14.12.2019;252,3333333;0
1169;Lissabon-AUA;15.12.2019;252;-0,001321004
1170;Lissabon-AUA;16.12.2019;252,6666667;0,002645503
1171;Lissabon-AUA;17.12.2019;252,6666667;0
1172;Lissabon-AUA;18.12.2019;252,6666667;0
1173;Lissabon-AUA;19.12.2019;252,6666667;0
1174;Lissabon-AUA;20.12.2019;252,6666667;0
1175;Lissabon-AUA;21.12.2019;252,6666667;0
1176;Lissabon-AUA;22.12.2019;252,6666667;0
1177;Lissabon-AUA;23.12.2019;252;-0,002638522
1178;Lissabon-AUA;24.12.2019;252;0
1179;Lissabon-AUA;25.12.2019;252;0
1180;Lissabon-AUA;26.12.2019;252;0
1181;Lissabon-AUA;27.12.2019;252;0
1182;Lissabon-AUA;28.12.2019;252;0
1183;Lissabon-AUA;29.12.2019;252;0
1184;Lissabon-AUA;30.12.2019;252;0
1185;Lissabon-AUA;31.12.2019;252;0
1186;Lissabon-AUA;01.01.2020;291;0,154761905
1187;Lissabon-AUA;02.01.2020;314;0,079037801
1188;Lissabon-AUA;03.01.2020;311,6666667;-0,007430998
1189;Lissabon-AUA;04.01.2020;252,3333333;-0,190374332
1190;Lissabon-AUA;05.01.2020;252,3333333;0
1191;Lissabon-AUA;06.01.2020;252;-0,001321004
1192;Lissabon-AUA;07.01.2020;253;0,003968254
1193;Lissabon-AUA;08.01.2020;253;0
1194;Lissabon-AUA;09.01.2020;253,6666667;0,002635046
1195;Lissabon-AUA;10.01.2020;310,3333333;0,223390276
1196;Lissabon-AUA;11.01.2020;433;0,395273899
1197;Lissabon-AUA;12.01.2020;442;0,020785219
1198;Lissabon-AUA;13.01.2020;445;0,00678733
1199;Lissabon-AUA;14.01.2020;445;0
1200;Lissabon-AUA;15.01.2020;487,3333333;0,095131086
1201;Lissabon-AUA;16.01.2020;554;0,136798906
1202;Lissabon-AUA;17.01.2020;556,6666667;0,004813478
1203;Lissabon-AUA;18.01.2020;551,6666667;-0,008982036
1204;Lissabon-AUA;19.01.2020;552,6666667;0,001812689
1205;Lissabon-LDM;01.08.2019;105;0
1206;Lissabon-LDM;02.08.2019;105;0
1207;Lissabon-LDM;03.08.2019;105;0
1208;Lissabon-LDM;04.08.2019;105;0
1209;Lissabon-LDM;05.08.2019;105;0
1210;Lissabon-LDM;06.08.2019;105;0
1211;Lissabon-LDM;07.08.2019;105;0
1212;Lissabon-LDM;08.08.2019;105;0
1213;Lissabon-LDM;09.08.2019;100,3333333;-0,044444444
1214;Lissabon-LDM;10.08.2019;88;-0,122923588
1215;Lissabon-LDM;11.08.2019;88;0
1216;Lissabon-LDM;12.08.2019;88;0
1217;Lissabon-LDM;13.08.2019;90,33333333;0,026515152
1218;Lissabon-LDM;14.08.2019;88;-0,025830258
1219;Lissabon-LDM;15.08.2019;86;-0,022727273
1220;Lissabon-LDM;16.08.2019;85,33333333;-0,007751938
1221;Lissabon-LDM;17.08.2019;86;0,0078125
1222;Lissabon-LDM;18.08.2019;86;0
1223;Lissabon-LDM;19.08.2019;84,66666667;-0,015503876
1224;Lissabon-LDM;20.08.2019;86;0,015748031
1225;Lissabon-LDM;21.08.2019;86;0
1226;Lissabon-LDM;22.08.2019;86;0
1227;Lissabon-LDM;23.08.2019;86;0
1228;Lissabon-LDM;24.08.2019;86;0
1229;Lissabon-LDM;25.08.2019;86;0
1230;Lissabon-LDM;26.08.2019;86;0
1231;Lissabon-LDM;27.08.2019;86;0
1232;Lissabon-LDM;28.08.2019;86;0
1233;Lissabon-LDM;29.08.2019;91,66666667;0,065891473
1234;Lissabon-LDM;30.08.2019;95;0,036363636
1235;Lissabon-LDM;31.08.2019;109;0,147368421
1236;Lissabon-LDM;01.09.2019;95;-0,128440367
1237;Lissabon-LDM;02.09.2019;97;0,021052632
1238;Lissabon-LDM;03.09.2019;95;-0,020618557
1239;Lissabon-LDM;04.09.2019;95;0
1240;Lissabon-LDM;05.09.2019;95;0
1241;Lissabon-LDM;06.09.2019;95;0
1242;Lissabon-LDM;07.09.2019;90,33333333;-0,049122807
1243;Lissabon-LDM;08.09.2019;88;-0,025830258
1244;Lissabon-LDM;09.09.2019;88;0
1245;Lissabon-LDM;10.09.2019;88;0
1246;Lissabon-LDM;11.09.2019;88;0
1247;Lissabon-LDM;12.09.2019;88;0
1248;Lissabon-LDM;13.09.2019;85;-0,034090909
1249;Lissabon-LDM;14.09.2019;79;-0,070588235
1250;Lissabon-LDM;15.09.2019;79;0
1251;Lissabon-LDM;16.09.2019;79;0
1252;Lissabon-LDM;17.09.2019;79;0
1253;Lissabon-LDM;18.09.2019;75;-0,050632911
1254;Lissabon-LDM;19.09.2019;81;0,08
1255;Lissabon-LDM;20.09.2019;81;0
1256;Lissabon-LDM;21.09.2019;92;0,135802469
1257;Lissabon-LDM;22.09.2019;92;0
1258;Lissabon-LDM;23.09.2019;98;0,065217391
1259;Lissabon-LDM;24.09.2019;110;0,12244898
1260;Lissabon-LDM;25.09.2019;110;0
1261;Lissabon-LDM;26.09.2019;110;0
1262;Lissabon-LDM;27.09.2019;109,3333333;-0,006060606
1263;Lissabon-LDM;28.09.2019;98;-0,103658537
1264;Lissabon-LDM;29.09.2019;84,33333333;-0,139455782
1265;Lissabon-LDM;30.09.2019;83;-0,015810277
1266;Lissabon-LDM;01.10.2019;86;0,036144578
1267;Lissabon-LDM;02.10.2019;86;0
1268;Lissabon-LDM;03.10.2019;96;0,11627907
1269;Lissabon-LDM;04.10.2019;96;0
1270;Lissabon-LDM;05.10.2019;102,3333333;0,065972222
1271;Lissabon-LDM;06.10.2019;106;0,035830619
1272;Lissabon-LDM;07.10.2019;106,6666667;0,006289308
1273;Lissabon-LDM;08.10.2019;98;-0,08125
1274;Lissabon-LDM;09.10.2019;77;-0,214285714
1275;Lissabon-LDM;10.10.2019;77;0
1276;Lissabon-LDM;11.10.2019;73,33333333;-0,047619048
1277;Lissabon-LDM;12.10.2019;66;-0,1
1278;Lissabon-LDM;13.10.2019;66;0
1279;Lissabon-LDM;14.10.2019;78,66666667;0,191919192
1280;Lissabon-LDM;15.10.2019;63;-0,199152542
1281;Lissabon-LDM;16.10.2019;57;-0,095238095
1282;Lissabon-LDM;17.10.2019;57;0
1283;Lissabon-LDM;18.10.2019;53,66666667;-0,058479532
1284;Lissabon-LDM;19.10.2019;52;-0,031055901
1285;Lissabon-LDM;20.10.2019;53,66666667;0,032051282
1286;Lissabon-LDM;21.10.2019;57;0,062111801
1287;Lissabon-LDM;22.10.2019;57;0
1288;Lissabon-LDM;23.10.2019;57;0
1289;Lissabon-LDM;24.10.2019;57;0
1290;Lissabon-LDM;25.10.2019;57;0
1291;Lissabon-LDM;26.10.2019;60;0,052631579
1292;Lissabon-LDM;27.10.2019;66;0,1
1293;Lissabon-LDM;28.10.2019;68;0,03030303
1294;Lissabon-LDM;29.10.2019;72;0,058823529
1295;Lissabon-LDM;30.10.2019;66;-0,083333333
1296;Lissabon-LDM;31.10.2019;67,66666667;0,025252525
1297;Lissabon-LDM;01.11.2019;71;0,049261084
1298;Lissabon-LDM;02.11.2019;71;0
1299;Lissabon-LDM;03.11.2019;83,66666667;0,178403756
1300;Lissabon-LDM;04.11.2019;91;0,087649402
1301;Lissabon-LDM;05.11.2019;91;0
1302;Lissabon-LDM;06.11.2019;111,6666667;0,227106227
1303;Lissabon-LDM;07.11.2019;91;-0,185074627
1304;Lissabon-LDM;08.11.2019;91;0
1305;Lissabon-LDM;09.11.2019;98,33333333;0,080586081
1306;Lissabon-LDM;10.11.2019;102;0,037288136
1307;Lissabon-LDM;11.11.2019;98;-0,039215686
1308;Lissabon-LDM;12.11.2019;87,66666667;-0,105442177
1309;Lissabon-LDM;13.11.2019;87,66666667;0
1310;Lissabon-LDM;14.11.2019;90,33333333;0,030418251
1311;Lissabon-LDM;15.11.2019;95,66666667;0,05904059
1312;Lissabon-LDM;16.11.2019;109,6666667;0,146341463
1313;Lissabon-LDM;17.11.2019;109,6666667;0
1314;Lissabon-LDM;18.11.2019;108,6666667;-0,009118541
1315;Lissabon-LDM;19.11.2019;108,6666667;0
1316;Lissabon-LDM;20.11.2019;112,3333333;0,033742331
1317;Lissabon-LDM;21.11.2019;118,3333333;0,053412463
1318;Lissabon-LDM;22.11.2019;122,3333333;0,033802817
1319;Lissabon-LDM;23.11.2019;103,3333333;-0,155313351
1320;Lissabon-LDM;24.11.2019;111,3333333;0,077419355
1321;Lissabon-LDM;25.11.2019;104;-0,065868263
1322;Lissabon-LDM;26.11.2019;102,3333333;-0,016025641
1323;Lissabon-LDM;27.11.2019;103;0,006514658
1324;Lissabon-LDM;28.11.2019;104;0,009708738
1325;Lissabon-LDM;29.11.2019;104;0
1326;Lissabon-LDM;30.11.2019;104;0
1327;Lissabon-LDM;01.12.2019;104;0
1328;Lissabon-LDM;02.12.2019;106,3333333;0,022435897
1329;Lissabon-LDM;03.12.2019;112,3333333;0,056426332
1330;Lissabon-LDM;04.12.2019;124;0,103857567
1331;Lissabon-LDM;05.12.2019;123,6666667;-0,002688172
1332;Lissabon-LDM;06.12.2019;124;0,002695418
1333;Lissabon-LDM;07.12.2019;123;-0,008064516
1334;Lissabon-LDM;08.12.2019;124;0,008130081
1335;Lissabon-LDM;09.12.2019;124;0
1336;Lissabon-LDM;10.12.2019;128;0,032258065
1337;Lissabon-LDM;11.12.2019;140,6666667;0,098958333
1338;Lissabon-LDM;12.12.2019;115;-0,182464455
1339;Lissabon-LDM;13.12.2019;112;-0,026086957
1340;Lissabon-LDM;14.12.2019;95;-0,151785714
1341;Lissabon-LDM;15.12.2019;94;-0,010526316
1342;Lissabon-LDM;16.12.2019;95;0,010638298
1343;Lissabon-LDM;17.12.2019;105,6666667;0,112280702
1344;Lissabon-LDM;18.12.2019;110;0,041009464
1345;Lissabon-LDM;19.12.2019;110;0
1346;Lissabon-LDM;20.12.2019;110;0
1347;Lissabon-LDM;21.12.2019;98;-0,109090909
1348;Lissabon-LDM;22.12.2019;98;0
1349;Lissabon-LDM;23.12.2019;93;-0,051020408
1350;Lissabon-LDM;24.12.2019;106;0,139784946
1351;Lissabon-LDM;25.12.2019;114,3333333;0,078616352
1352;Lissabon-LDM;26.12.2019;128;0,119533528
1353;Lissabon-LDM;27.12.2019;128;0
1354;Lissabon-LDM;28.12.2019;128;0
1355;Lissabon-LDM;29.12.2019;128;0
1356;Lissabon-LDM;30.12.2019;128;0
1357;Lissabon-LDM;31.12.2019;137,6666667;0,075520833
1358;Lissabon-LDM;01.01.2020;155;0,12590799
1359;Lissabon-LDM;02.01.2020;120,6666667;-0,221505376
1360;Lissabon-LDM;03.01.2020;92;-0,237569061
1361;Lissabon-LDM;04.01.2020;91;-0,010869565
1362;Lissabon-LDM;05.01.2020;98,66666667;0,084249084
1363;Lissabon-LDM;06.01.2020;112;0,135135135
1364;Lissabon-LDM;07.01.2020;115;0,026785714
1365;Lissabon-LDM;08.01.2020;125,3333333;0,089855072
1366;Lissabon-LDM;09.01.2020;140,6666667;0,122340426
1367;Lissabon-LDM;10.01.2020;177,3333333;0,260663507
1368;Lissabon-LDM;11.01.2020;206,3333333;0,163533835
1369;Lissabon-LDM;12.01.2020;228;0,105008078
1370;Lissabon-LDM;13.01.2020;195;-0,144736842
1371;Lissabon-LDM;14.01.2020;183,3333333;-0,05982906
1372;Lissabon-LDM;15.01.2020;161,3333333;-0,12
1373;Lissabon-LDM;16.01.2020;174,3333333;0,080578512
1374;Lissabon-LDM;17.01.2020;162;-0,070745698
1375;Lissabon-LDM;18.01.2020;186,6666667;0,152263374
1376;Lissabon-LDM;19.01.2020;224,3333333;0,201785714
1377;London-AUA;01.08.2019;104,6666667;0
1378;London-AUA;02.08.2019;102,6666667;-0,01910828
1379;London-AUA;03.08.2019;103;0,003246753
1380;London-AUA;04.08.2019;103;0
1381;London-AUA;05.08.2019;106,3333333;0,03236246
1382;London-AUA;06.08.2019;109,3333333;0,028213166
1383;London-AUA;07.08.2019;110,6666667;0,012195122
1384;London-AUA;08.08.2019;104;-0,060240964
1385;London-AUA;09.08.2019;102;-0,019230769
1386;London-AUA;10.08.2019;110;0,078431373
1387;London-AUA;11.08.2019;102;-0,072727273
1388;London-AUA;12.08.2019;102;0
1389;London-AUA;13.08.2019;105,3333333;0,032679739
1390;London-AUA;14.08.2019;102,6666667;-0,025316456
1391;London-AUA;15.08.2019;101;-0,016233766
1392;London-AUA;16.08.2019;103;0,01980198
1393;London-AUA;17.08.2019;102;-0,009708738
1394;London-AUA;18.08.2019;103,3333333;0,013071895
1395;London-AUA;19.08.2019;102;-0,012903226
1396;London-AUA;20.08.2019;102;0
1397;London-AUA;21.08.2019;102;0
1398;London-AUA;22.08.2019;102;0
1399;London-AUA;23.08.2019;102;0
1400;London-AUA;24.08.2019;102;0
1401;London-AUA;25.08.2019;102;0
1402;London-AUA;26.08.2019;102,3333333;0,003267974
1403;London-AUA;27.08.2019;102;-0,003257329
1404;London-AUA;28.08.2019;102;0
1405;London-AUA;29.08.2019;103;0,009803922
1406;London-AUA;30.08.2019;102,3333333;-0,006472492
1407;London-AUA;31.08.2019;102;-0,003257329
1408;London-AUA;01.09.2019;102;0
1409;London-AUA;02.09.2019;104;0,019607843
1410;London-AUA;03.09.2019;103;-0,009615385
1411;London-AUA;04.09.2019;104;0,009708738
1412;London-AUA;05.09.2019;102,3333333;-0,016025641
1413;London-AUA;06.09.2019;101;-0,013029316
1414;London-AUA;07.09.2019;101,6666667;0,00660066
1415;London-AUA;08.09.2019;102;0,003278689
1416;London-AUA;09.09.2019;102;0
1417;London-AUA;10.09.2019;102;0
1418;London-AUA;11.09.2019;102;0
1419;London-AUA;12.09.2019;102;0
1420;London-AUA;13.09.2019;102;0
1421;London-AUA;14.09.2019;102;0
1422;London-AUA;15.09.2019;102;0
1423;London-AUA;16.09.2019;102;0
1424;London-AUA;17.09.2019;102;0
1425;London-AUA;18.09.2019;102;0
1426;London-AUA;19.09.2019;102;0
1427;London-AUA;20.09.2019;102;0
1428;London-AUA;21.09.2019;102;0
1429;London-AUA;22.09.2019;102;0
1430;London-AUA;23.09.2019;102;0
1431;London-AUA;24.09.2019;102;0
1432;London-AUA;25.09.2019;102;0
1433;London-AUA;26.09.2019;102;0
1434;London-AUA;27.09.2019;102;0
1435;London-AUA;28.09.2019;102;0
1436;London-AUA;29.09.2019;102;0
1437;London-AUA;30.09.2019;102,3333333;0,003267974
1438;London-AUA;01.10.2019;102,3333333;0
1439;London-AUA;02.10.2019;102;-0,003257329
1440;London-AUA;03.10.2019;102,6666667;0,006535948
1441;London-AUA;04.10.2019;102,6666667;0
1442;London-AUA;05.10.2019;102;-0,006493506
1443;London-AUA;06.10.2019;102;0
1444;London-AUA;07.10.2019;102;0
1445;London-AUA;08.10.2019;102;0
1446;London-AUA;09.10.2019;102;0
1447;London-AUA;10.10.2019;102;0
1448;London-AUA;11.10.2019;101,3333333;-0,006535948
1449;London-AUA;12.10.2019;102;0,006578947
1450;London-AUA;13.10.2019;102;0
1451;London-AUA;14.10.2019;102;0
1452;London-AUA;15.10.2019;103;0,009803922
1453;London-AUA;16.10.2019;104;0,009708738
1454;London-AUA;17.10.2019;108;0,038461538
1455;London-AUA;18.10.2019;108;0
1456;London-AUA;19.10.2019;108;0
1457;London-AUA;20.10.2019;108;0
1458;London-AUA;21.10.2019;108;0
1459;London-AUA;22.10.2019;108;0
1460;London-AUA;23.10.2019;108;0
1461;London-AUA;24.10.2019;108;0
1462;London-AUA;25.10.2019;108;0
1463;London-AUA;26.10.2019;108;0
1464;London-AUA;27.10.2019;108;0
1465;London-AUA;28.10.2019;108;0
1466;London-AUA;29.10.2019;108;0
1467;London-AUA;30.10.2019;108;0
1468;London-AUA;31.10.2019;108,6666667;0,00617284
1469;London-AUA;01.11.2019;109;0,003067485
1470;London-AUA;02.11.2019;109;0
1471;London-AUA;03.11.2019;109;0
1472;London-AUA;04.11.2019;108,3333333;-0,006116208
1473;London-AUA;05.11.2019;108;-0,003076923
1474;London-AUA;06.11.2019;108;0
1475;London-AUA;07.11.2019;108;0
1476;London-AUA;08.11.2019;105;-0,027777778
1477;London-AUA;09.11.2019;105;0
1478;London-AUA;10.11.2019;105;0
1479;London-AUA;11.11.2019;105;0
1480;London-AUA;12.11.2019;105;0
1481;London-AUA;13.11.2019;105;0
1482;London-AUA;14.11.2019;105;0
1483;London-AUA;15.11.2019;105;0
1484;London-AUA;16.11.2019;105;0
1485;London-AUA;17.11.2019;105;0
1486;London-AUA;18.11.2019;105;0
1487;London-AUA;19.11.2019;105;0
1488;London-AUA;20.11.2019;105;0
1489;London-AUA;21.11.2019;105,3333333;0,003174603
1490;London-AUA;22.11.2019;104,6666667;-0,006329114
1491;London-AUA;23.11.2019;149;0,423566879
1492;London-AUA;24.11.2019;149;0
1493;London-AUA;25.11.2019;149,3333333;0,002237136
1494;London-AUA;26.11.2019;150;0,004464286
1495;London-AUA;27.11.2019;150;0
1496;London-AUA;28.11.2019;150;0
1497;London-AUA;29.11.2019;150;0
1498;London-AUA;30.11.2019;150;0
1499;London-AUA;01.12.2019;150;0
1500;London-AUA;02.12.2019;150;0
1501;London-AUA;03.12.2019;150;0
1502;London-AUA;04.12.2019;180;0,2
1503;London-AUA;05.12.2019;180;0
1504;London-AUA;06.12.2019;180;0
1505;London-AUA;07.12.2019;180;0
1506;London-AUA;08.12.2019;180;0
1507;London-AUA;09.12.2019;180;0
1508;London-AUA;10.12.2019;179,3333333;-0,003703704
1509;London-AUA;11.12.2019;179;-0,001858736
1510;London-AUA;12.12.2019;179,6666667;0,003724395
1511;London-AUA;13.12.2019;151;-0,159554731
1512;London-AUA;14.12.2019;151;0
1513;London-AUA;15.12.2019;151;0
1514;London-AUA;16.12.2019;175;0,158940397
1515;London-AUA;17.12.2019;175,3333333;0,001904762
1516;London-AUA;18.12.2019;185;0,05513308
1517;London-AUA;19.12.2019;204,6666667;0,106306306
1518;London-AUA;20.12.2019;204,6666667;0
1519;London-AUA;21.12.2019;204;-0,003257329
1520;London-AUA;22.12.2019;204;0
1521;London-AUA;23.12.2019;203,6666667;-0,001633987
1522;London-AUA;24.12.2019;204;0,001636661
1523;London-AUA;25.12.2019;203;-0,004901961
1524;London-AUA;26.12.2019;203;0
1525;London-AUA;27.12.2019;203;0
1526;London-AUA;28.12.2019;203;0
1527;London-AUA;29.12.2019;203;0
1528;London-AUA;30.12.2019;203;0
1529;London-AUA;31.12.2019;204;0,004926108
1530;London-AUA;01.01.2020;204;0
1531;London-AUA;02.01.2020;206;0,009803922
1532;London-AUA;03.01.2020;175;-0,150485437
1533;London-AUA;04.01.2020;175;0
1534;London-AUA;05.01.2020;175;0
1535;London-AUA;06.01.2020;175;0
1536;London-AUA;07.01.2020;204,6666667;0,16952381
1537;London-AUA;08.01.2020;204,6666667;0
1538;London-AUA;09.01.2020;197,3333333;-0,035830619
1539;London-AUA;10.01.2020;181;-0,08277027
1540;London-AUA;11.01.2020;181;0
1541;London-AUA;12.01.2020;181;0
1542;London-AUA;13.01.2020;181;0
1543;London-AUA;14.01.2020;180,3333333;-0,003683241
1544;London-AUA;15.01.2020;153,3333333;-0,149722736
1545;London-AUA;16.01.2020;180;0,173913043
1546;London-AUA;17.01.2020;188;0,044444444
1547;London-AUA;18.01.2020;205;0,090425532
1548;London-AUA;19.01.2020;205;0
1549;London-BAW;01.08.2019;98;0
1550;London-BAW;02.08.2019;98;0
1551;London-BAW;03.08.2019;98,33333333;0,003401361
1552;London-BAW;04.08.2019;98;-0,003389831
1553;London-BAW;05.08.2019;98,33333333;0,003401361
1554;London-BAW;06.08.2019;98;-0,003389831
1555;London-BAW;07.08.2019;98;0
1556;London-BAW;08.08.2019;98;0
1557;London-BAW;09.08.2019;118;0,204081633
1558;London-BAW;10.08.2019;98;-0,169491525
1559;London-BAW;11.08.2019;98;0
1560;London-BAW;12.08.2019;98;0
1561;London-BAW;13.08.2019;97;-0,010204082
1562;London-BAW;14.08.2019;97;0
1563;London-BAW;15.08.2019;97;0
1564;London-BAW;16.08.2019;97;0
1565;London-BAW;17.08.2019;98;0,010309278
1566;London-BAW;18.08.2019;98;0
1567;London-BAW;19.08.2019;98;0
1568;London-BAW;20.08.2019;98;0
1569;London-BAW;21.08.2019;98;0
1570;London-BAW;22.08.2019;101,3333333;0,034013605
1571;London-BAW;23.08.2019;99,66666667;-0,016447368
1572;London-BAW;24.08.2019;98;-0,016722408
1573;London-BAW;25.08.2019;98;0
1574;London-BAW;26.08.2019;98;0
1575;London-BAW;27.08.2019;98;0
1576;London-BAW;28.08.2019;98;0
1577;London-BAW;29.08.2019;98;0
1578;London-BAW;30.08.2019;98;0
1579;London-BAW;31.08.2019;98;0
1580;London-BAW;01.09.2019;98;0
1581;London-BAW;02.09.2019;98;0
1582;London-BAW;03.09.2019;101,3333333;0,034013605
1583;London-BAW;04.09.2019;103;0,016447368
1584;London-BAW;05.09.2019;99,66666667;-0,03236246
1585;London-BAW;06.09.2019;98;-0,016722408
1586;London-BAW;07.09.2019;98,66666667;0,006802721
1587;London-BAW;08.09.2019;99;0,003378378
1588;London-BAW;09.09.2019;99;0
1589;London-BAW;10.09.2019;99;0
1590;London-BAW;11.09.2019;99;0
1591;London-BAW;12.09.2019;99;0
1592;London-BAW;13.09.2019;99;0
1593;London-BAW;14.09.2019;99;0
1594;London-BAW;15.09.2019;99;0
1595;London-BAW;16.09.2019;96,33333333;-0,026936027
1596;London-BAW;17.09.2019;95;-0,01384083
1597;London-BAW;18.09.2019;95;0
1598;London-BAW;19.09.2019;100;0,052631579
1599;London-BAW;20.09.2019;100;0
1600;London-BAW;21.09.2019;100;0
1601;London-BAW;22.09.2019;100;0
1602;London-BAW;23.09.2019;100;0
1603;London-BAW;24.09.2019;100;0
1604;London-BAW;25.09.2019;100;0
1605;London-BAW;26.09.2019;100;0
1606;London-BAW;27.09.2019;100;0
1607;London-BAW;28.09.2019;100;0
1608;London-BAW;29.09.2019;100;0
1609;London-BAW;30.09.2019;100;0
1610;London-BAW;01.10.2019;100;0
1611;London-BAW;02.10.2019;100;0
1612;London-BAW;03.10.2019;100;0
1613;London-BAW;04.10.2019;104;0,04
1614;London-BAW;05.10.2019;106;0,019230769
1615;London-BAW;06.10.2019;106;0
1616;London-BAW;07.10.2019;106;0
1617;London-BAW;08.10.2019;106;0
1618;London-BAW;09.10.2019;106;0
1619;London-BAW;10.10.2019;106;0
1620;London-BAW;11.10.2019;106;0
1621;London-BAW;12.10.2019;106;0
1622;London-BAW;13.10.2019;106;0
1623;London-BAW;14.10.2019;106;0
1624;London-BAW;15.10.2019;107;0,009433962
1625;London-BAW;16.10.2019;106;-0,009345794
1626;London-BAW;17.10.2019;107;0,009433962
1627;London-BAW;18.10.2019;107;0
1628;London-BAW;19.10.2019;107;0
1629;London-BAW;20.10.2019;107;0
1630;London-BAW;21.10.2019;107;0
1631;London-BAW;22.10.2019;107;0
1632;London-BAW;23.10.2019;107;0
1633;London-BAW;24.10.2019;112;0,046728972
1634;London-BAW;25.10.2019;112;0
1635;London-BAW;26.10.2019;112;0
1636;London-BAW;27.10.2019;112;0
1637;London-BAW;28.10.2019;112;0
1638;London-BAW;29.10.2019;112;0
1639;London-BAW;30.10.2019;108,6666667;-0,029761905
1640;London-BAW;31.10.2019;112;0,030674847
1641;London-BAW;01.11.2019;112;0
1642;London-BAW;02.11.2019;112;0
1643;London-BAW;03.11.2019;112;0
1644;London-BAW;04.11.2019;112;0
1645;London-BAW;05.11.2019;112;0
1646;London-BAW;06.11.2019;112;0
1647;London-BAW;07.11.2019;112;0
1648;London-BAW;08.11.2019;109;-0,026785714
1649;London-BAW;09.11.2019;109;0
1650;London-BAW;10.11.2019;109;0
1651;London-BAW;11.11.2019;109;0
1652;London-BAW;12.11.2019;109;0
1653;London-BAW;13.11.2019;109;0
1654;London-BAW;14.11.2019;102;-0,064220183
1655;London-BAW;15.11.2019;108;0,058823529
1656;London-BAW;16.11.2019;108;0
1657;London-BAW;17.11.2019;108;0
1658;London-BAW;18.11.2019;108;0
1659;London-BAW;19.11.2019;108;0
1660;London-BAW;20.11.2019;108;0
1661;London-BAW;21.11.2019;108;0
1662;London-BAW;22.11.2019;108;0
1663;London-BAW;23.11.2019;108;0
1664;London-BAW;24.11.2019;108;0
1665;London-BAW;25.11.2019;108;0
1666;London-BAW;26.11.2019;108;0
1667;London-BAW;27.11.2019;108;0
1668;London-BAW;28.11.2019;108;0
1669;London-BAW;29.11.2019;108;0
1670;London-BAW;30.11.2019;108;0
1671;London-BAW;01.12.2019;108;0
1672;London-BAW;02.12.2019;108;0
1673;London-BAW;03.12.2019;108;0
1674;London-BAW;04.12.2019;108;0
1675;London-BAW;05.12.2019;114;0,055555556
1676;London-BAW;06.12.2019;114;0
1677;London-BAW;07.12.2019;114;0
1678;London-BAW;08.12.2019;114;0
1679;London-BAW;09.12.2019;114;0
1680;London-BAW;10.12.2019;114;0
1681;London-BAW;11.12.2019;114;0
1682;London-BAW;12.12.2019;114;0
1683;London-BAW;13.12.2019;114;0
1684;London-BAW;14.12.2019;114;0
1685;London-BAW;15.12.2019;114;0
1686;London-BAW;16.12.2019;114;0
1687;London-BAW;17.12.2019;114,6666667;0,005847953
1688;London-BAW;18.12.2019;114;-0,005813953
1689;London-BAW;19.12.2019;114;0
1690;London-BAW;20.12.2019;114;0
1691;London-BAW;21.12.2019;114;0
1692;London-BAW;22.12.2019;114;0
1693;London-BAW;23.12.2019;113;-0,00877193
1694;London-BAW;24.12.2019;114;0,008849558
1695;London-BAW;25.12.2019;113;-0,00877193
1696;London-BAW;26.12.2019;113;0
1697;London-BAW;27.12.2019;113;0
1698;London-BAW;28.12.2019;119;0,053097345
1699;London-BAW;29.12.2019;119;0
1700;London-BAW;30.12.2019;119;0
1701;London-BAW;31.12.2019;119;0
1702;London-BAW;01.01.2020;119;0
1703;London-BAW;02.01.2020;120;0,008403361
1704;London-BAW;03.01.2020;119,3333333;-0,005555556
1705;London-BAW;04.01.2020;119;-0,002793296
1706;London-BAW;05.01.2020;119;0
1707;London-BAW;06.01.2020;119,6666667;0,005602241
1708;London-BAW;07.01.2020;119;-0,005571031
1709;London-BAW;08.01.2020;118;-0,008403361
1710;London-BAW;09.01.2020;114;-0,033898305
1711;London-BAW;10.01.2020;114;0
1712;London-BAW;11.01.2020;117;0,026315789
1713;London-BAW;12.01.2020;127;0,085470085
1714;London-BAW;13.01.2020;127;0
1715;London-BAW;14.01.2020;139,6666667;0,099737533
1716;London-BAW;15.01.2020;145;0,038186158
1717;London-BAW;16.01.2020;145,6666667;0,004597701
1718;London-BAW;17.01.2020;145,3333333;-0,00228833
1719;London-BAW;18.01.2020;126;-0,133027523
1720;London-BAW;19.01.2020;126;0
1721;New York-AUA;01.08.2019;574;0
1722;New York-AUA;02.08.2019;791,3333333;0,378629501
1723;New York-AUA;03.08.2019;797;0,00716091
1724;New York-AUA;04.08.2019;797;0
1725;New York-AUA;05.08.2019;801,3333333;0,005437056
1726;New York-AUA;06.08.2019;490,6666667;-0,387687188
1727;New York-AUA;07.08.2019;448,6666667;-0,085597826
1728;New York-AUA;08.08.2019;424;-0,054977712
1729;New York-AUA;09.08.2019;448,6666667;0,058176101
1730;New York-AUA;10.08.2019;422;-0,059435364
1731;New York-AUA;11.08.2019;421;-0,002369668
1732;New York-AUA;12.08.2019;422;0,002375297
1733;New York-AUA;13.08.2019;424;0,004739336
1734;New York-AUA;14.08.2019;424;0
1735;New York-AUA;15.08.2019;424;0
1736;New York-AUA;16.08.2019;424;0
1737;New York-AUA;17.08.2019;423,3333333;-0,001572327
1738;New York-AUA;18.08.2019;424;0,001574803
1739;New York-AUA;19.08.2019;421,6666667;-0,005503145
1740;New York-AUA;20.08.2019;422,3333333;0,001581028
1741;New York-AUA;21.08.2019;421,6666667;-0,001578532
1742;New York-AUA;22.08.2019;425;0,007905138
1743;New York-AUA;23.08.2019;424;-0,002352941
1744;New York-AUA;24.08.2019;425;0,002358491
1745;New York-AUA;25.08.2019;425;0
1746;New York-AUA;26.08.2019;425;0
1747;New York-AUA;27.08.2019;424;-0,002352941
1748;New York-AUA;28.08.2019;424;0
1749;New York-AUA;29.08.2019;424;0
1750;New York-AUA;30.08.2019;425;0,002358491
1751;New York-AUA;31.08.2019;425;0
1752;New York-AUA;01.09.2019;449;0,056470588
1753;New York-AUA;02.09.2019;449;0
1754;New York-AUA;03.09.2019;450;0,002227171
1755;New York-AUA;04.09.2019;458;0,017777778
1756;New York-AUA;05.09.2019;474;0,034934498
1757;New York-AUA;06.09.2019;474;0
1758;New York-AUA;07.09.2019;468,3333333;-0,011954993
1759;New York-AUA;08.09.2019;474;0,012099644
1760;New York-AUA;09.09.2019;491;0,035864979
1761;New York-AUA;10.09.2019;468,3333333;-0,046164291
1762;New York-AUA;11.09.2019;686,6666667;0,466192171
1763;New York-AUA;12.09.2019;793,6666667;0,155825243
1764;New York-AUA;13.09.2019;794,3333333;0,000839983
1765;New York-AUA;14.09.2019;765,3333333;-0,036508603
1766;New York-AUA;15.09.2019;801;0,046602787
1767;New York-AUA;16.09.2019;767;-0,042446941
1768;New York-AUA;17.09.2019;527;-0,312907432
1769;New York-AUA;18.09.2019;645;0,223908918
1770;New York-AUA;19.09.2019;795,6666667;0,233591731
1771;New York-AUA;20.09.2019;787;-0,010892333
1772;New York-AUA;21.09.2019;797,6666667;0,013553579
1773;New York-AUA;22.09.2019;792,3333333;-0,006686168
1774;New York-AUA;23.09.2019;726;-0,083718973
1775;New York-AUA;24.09.2019;787,3333333;0,084481175
1776;New York-AUA;25.09.2019;556,6666667;-0,292972058
1777;New York-AUA;26.09.2019;545,6666667;-0,019760479
1778;New York-AUA;27.09.2019;545,6666667;0
1779;New York-AUA;28.09.2019;542;-0,006719609
1780;New York-AUA;29.09.2019;543;0,001845018
1781;New York-AUA;30.09.2019;545,6666667;0,004910988
1782;New York-AUA;01.10.2019;523;-0,041539401
1783;New York-AUA;02.10.2019;505;-0,034416826
1784;New York-AUA;03.10.2019;526;0,041584158
1785;New York-AUA;04.10.2019;535,3333333;0,01774398
1786;New York-AUA;05.10.2019;526,6666667;-0,01618929
1787;New York-AUA;06.10.2019;682,6666667;0,296202532
1788;New York-AUA;07.10.2019;767,3333333;0,124023437
1789;New York-AUA;08.10.2019;771,3333333;0,005212858
1790;New York-AUA;09.10.2019;774;0,003457217
1791;New York-AUA;10.10.2019;767,3333333;-0,008613264
1792;New York-AUA;11.10.2019;767;-0,000434405
1793;New York-AUA;12.10.2019;786,6666667;0,025641026
1794;New York-AUA;13.10.2019;804;0,022033898
1795;New York-AUA;14.10.2019;669;-0,167910448
1796;New York-AUA;15.10.2019;492;-0,264573991
1797;New York-AUA;16.10.2019;483,3333333;-0,017615176
1798;New York-AUA;17.10.2019;475,3333333;-0,016551724
1799;New York-AUA;18.10.2019;475;-0,000701262
1800;New York-AUA;19.10.2019;472;-0,006315789
1801;New York-AUA;20.10.2019;472;0
1802;New York-AUA;21.10.2019;475;0,006355932
1803;New York-AUA;22.10.2019;460,6666667;-0,030175439
1804;New York-AUA;23.10.2019;486;0,054992764
1805;New York-AUA;24.10.2019;486;0
1806;New York-AUA;25.10.2019;486;0
1807;New York-AUA;26.10.2019;486;0
1808;New York-AUA;27.10.2019;486;0
1809;New York-AUA;28.10.2019;486;0
1810;New York-AUA;29.10.2019;486;0
1811;New York-AUA;30.10.2019;486;0
1812;New York-AUA;31.10.2019;502,6666667;0,034293553
1813;New York-AUA;01.11.2019;486;-0,033156499
1814;New York-AUA;02.11.2019;511;0,051440329
1815;New York-AUA;03.11.2019;511;0
1816;New York-AUA;04.11.2019;511;0
1817;New York-AUA;05.11.2019;511;0
1818;New York-AUA;06.11.2019;511;0
1819;New York-AUA;07.11.2019;561;0,097847358
1820;New York-AUA;08.11.2019;467,6666667;-0,166369578
1821;New York-AUA;09.11.2019;483,3333333;0,033499644
1822;New York-AUA;10.11.2019;483,3333333;0
1823;New York-AUA;11.11.2019;485;0,003448276
1824;New York-AUA;12.11.2019;487;0,004123711
1825;New York-AUA;13.11.2019;486;-0,002053388
1826;New York-AUA;14.11.2019;486,3333333;0,000685871
1827;New York-AUA;15.11.2019;486,6666667;0,000685401
1828;New York-AUA;16.11.2019;484;-0,005479452
1829;New York-AUA;17.11.2019;484;0
1830;New York-AUA;18.11.2019;429;-0,113636364
1831;New York-AUA;19.11.2019;464,3333333;0,082362082
1832;New York-AUA;20.11.2019;578,6666667;0,246231156
1833;New York-AUA;21.11.2019;496;-0,142857143
1834;New York-AUA;22.11.2019;491;-0,010080645
1835;New York-AUA;23.11.2019;574;0,16904277
1836;New York-AUA;24.11.2019;692,6666667;0,206736353
1837;New York-AUA;25.11.2019;495;-0,285370549
1838;New York-AUA;26.11.2019;488,3333333;-0,013468013
1839;New York-AUA;27.11.2019;716;0,466211604
1840;New York-AUA;28.11.2019;695;-0,029329609
1841;New York-AUA;29.11.2019;543;-0,218705036
1842;New York-AUA;30.11.2019;622,3333333;0,146101903
1843;New York-AUA;01.12.2019;543,3333333;-0,126941618
1844;New York-AUA;02.12.2019;473,6666667;-0,128220859
1845;New York-AUA;03.12.2019;719,3333333;0,518648839
1846;New York-AUA;04.12.2019;718,6666667;-0,000926784
1847;New York-AUA;05.12.2019;710;-0,012059369
1848;New York-AUA;06.12.2019;710;0
1849;New York-AUA;07.12.2019;710;0
1850;New York-AUA;08.12.2019;710;0
1851;New York-AUA;09.12.2019;710;0
1852;New York-AUA;10.12.2019;710;0
1853;New York-AUA;11.12.2019;732,6666667;0,031924883
1854;New York-AUA;12.12.2019;718,3333333;-0,019563239
1855;New York-AUA;13.12.2019;710;-0,011600928
1856;New York-AUA;14.12.2019;710;0
1857;New York-AUA;15.12.2019;731;0,029577465
1858;New York-AUA;16.12.2019;554,6666667;-0,24122207
1859;New York-AUA;17.12.2019;725;0,307091346
1860;New York-AUA;18.12.2019;533;-0,264827586
1861;New York-AUA;19.12.2019;518,6666667;-0,026891807
1862;New York-AUA;20.12.2019;710;0,368894602
1863;New York-AUA;21.12.2019;710;0
1864;New York-AUA;22.12.2019;726;0,022535211
1865;New York-AUA;23.12.2019;715,3333333;-0,014692378
1866;New York-AUA;24.12.2019;710;-0,007455732
1867;New York-AUA;25.12.2019;710;0
1868;New York-AUA;26.12.2019;566;-0,202816901
1869;New York-AUA;27.12.2019;720,6666667;0,273262662
1870;New York-AUA;28.12.2019;710;-0,01480111
1871;New York-AUA;29.12.2019;710;0
1872;New York-AUA;30.12.2019;710;0
1873;New York-AUA;31.12.2019;709;-0,001408451
1874;New York-AUA;01.01.2020;710;0,001410437
1875;New York-AUA;02.01.2020;716,3333333;0,008920188
1876;New York-AUA;03.01.2020;710;-0,008841322
1877;New York-AUA;04.01.2020;715,3333333;0,007511737
1878;New York-AUA;05.01.2020;667,6666667;-0,066635601
1879;New York-AUA;06.01.2020;539;-0,192710934
1880;New York-AUA;07.01.2020;536;-0,005565863
1881;New York-AUA;08.01.2020;660;0,231343284
1882;New York-AUA;09.01.2020;649,3333333;-0,016161616
1883;New York-AUA;10.01.2020;572,3333333;-0,118583162
1884;New York-AUA;11.01.2020;535,6666667;-0,06406523
1885;New York-AUA;12.01.2020;566;0,056627256
1886;New York-AUA;13.01.2020;732;0,293286219
1887;New York-AUA;14.01.2020;707;-0,034153005
1888;New York-AUA;15.01.2020;706,6666667;-0,000471476
1889;New York-AUA;16.01.2020;701,6666667;-0,007075472
1890;New York-AUA;17.01.2020;717,6666667;0,02280285
1891;New York-AUA;18.01.2020;719,6666667;0,002786809
1892;New York-AUA;19.01.2020;720,3333333;0,000926355
1893;New York-UAL;01.08.2019;701;0
1894;New York-UAL;02.08.2019;738;0,05278174
1895;New York-UAL;03.08.2019;738;0
1896;New York-UAL;04.08.2019;738;0
1897;New York-UAL;05.08.2019;746,3333333;0,01129178
1898;New York-UAL;06.08.2019;482;-0,354175971
1899;New York-UAL;07.08.2019;427;-0,114107884
1900;New York-UAL;08.08.2019;426;-0,00234192
1901;New York-UAL;09.08.2019;426;0
1902;New York-UAL;10.08.2019;426;0
1903;New York-UAL;11.08.2019;426;0
1904;New York-UAL;12.08.2019;426;0
1905;New York-UAL;13.08.2019;427;0,002347418
1906;New York-UAL;14.08.2019;426;-0,00234192
1907;New York-UAL;15.08.2019;427;0,002347418
1908;New York-UAL;16.08.2019;427;0
1909;New York-UAL;17.08.2019;427;0
1910;New York-UAL;18.08.2019;427;0
1911;New York-UAL;19.08.2019;427;0
1912;New York-UAL;20.08.2019;427;0
1913;New York-UAL;21.08.2019;427;0
1914;New York-UAL;22.08.2019;427;0
1915;New York-UAL;23.08.2019;427;0
1916;New York-UAL;24.08.2019;427;0
1917;New York-UAL;25.08.2019;427;0
1918;New York-UAL;26.08.2019;427;0
1919;New York-UAL;27.08.2019;427;0
1920;New York-UAL;28.08.2019;427;0
1921;New York-UAL;29.08.2019;427;0
1922;New York-UAL;30.08.2019;427;0
1923;New York-UAL;31.08.2019;427;0
1924;New York-UAL;01.09.2019;452;0,058548009
1925;New York-UAL;02.09.2019;452;0
1926;New York-UAL;03.09.2019;453;0,002212389
1927;New York-UAL;04.09.2019;461,3333333;0,018395879
1928;New York-UAL;05.09.2019;478;0,036127168
1929;New York-UAL;06.09.2019;477;-0,00209205
1930;New York-UAL;07.09.2019;477;0
1931;New York-UAL;08.09.2019;477;0
1932;New York-UAL;09.09.2019;477;0
1933;New York-UAL;10.09.2019;477;0
1934;New York-UAL;11.09.2019;477;0
1935;New York-UAL;12.09.2019;564;0,182389937
1936;New York-UAL;13.09.2019;738;0,308510638
1937;New York-UAL;14.09.2019;738;0
1938;New York-UAL;15.09.2019;738;0
1939;New York-UAL;16.09.2019;738;0
1940;New York-UAL;17.09.2019;738;0
1941;New York-UAL;18.09.2019;738;0
1942;New York-UAL;19.09.2019;765,3333333;0,037037037
1943;New York-UAL;20.09.2019;820;0,071428571
1944;New York-UAL;21.09.2019;820;0
1945;New York-UAL;22.09.2019;820;0
1946;New York-UAL;23.09.2019;828,3333333;0,010162602
1947;New York-UAL;24.09.2019;828,3333333;0
1948;New York-UAL;25.09.2019;568,3333333;-0,3138833
1949;New York-UAL;26.09.2019;584;0,027565982
1950;New York-UAL;27.09.2019;568,3333333;-0,026826484
1951;New York-UAL;28.09.2019;560;-0,014662757
1952;New York-UAL;29.09.2019;560;0
1953;New York-UAL;30.09.2019;560;0
1954;New York-UAL;01.10.2019;553;-0,0125
1955;New York-UAL;02.10.2019;525;-0,050632911
1956;New York-UAL;03.10.2019;544;0,036190476
1957;New York-UAL;04.10.2019;557;0,023897059
1958;New York-UAL;05.10.2019;548,6666667;-0,014961101
1959;New York-UAL;06.10.2019;818;0,490886999
1960;New York-UAL;07.10.2019;818;0
1961;New York-UAL;08.10.2019;818;0
1962;New York-UAL;09.10.2019;818;0
1963;New York-UAL;10.10.2019;818;0
1964;New York-UAL;11.10.2019;818;0
1965;New York-UAL;12.10.2019;818;0
1966;New York-UAL;13.10.2019;818;0
1967;New York-UAL;14.10.2019;714,3333333;-0,126731866
1968;New York-UAL;15.10.2019;506;-0,291647224
1969;New York-UAL;16.10.2019;511;0,009881423
1970;New York-UAL;17.10.2019;512;0,001956947
1971;New York-UAL;18.10.2019;511;-0,001953125
1972;New York-UAL;19.10.2019;511;0
1973;New York-UAL;20.10.2019;511;0
1974;New York-UAL;21.10.2019;511;0
1975;New York-UAL;22.10.2019;490,3333333;-0,040443575
1976;New York-UAL;23.10.2019;451;-0,080217539
1977;New York-UAL;24.10.2019;452,6666667;0,003695492
1978;New York-UAL;25.10.2019;449;-0,008100147
1979;New York-UAL;26.10.2019;447;-0,004454343
1980;New York-UAL;27.10.2019;447;0
1981;New York-UAL;28.10.2019;449;0,004474273
1982;New York-UAL;29.10.2019;450;0,002227171
1983;New York-UAL;30.10.2019;436;-0,031111111
1984;New York-UAL;31.10.2019;448,6666667;0,029051988
1985;New York-UAL;01.11.2019;448,3333333;-0,000742942
1986;New York-UAL;02.11.2019;445;-0,007434944
1987;New York-UAL;03.11.2019;445,6666667;0,001498127
1988;New York-UAL;04.11.2019;448;0,005235602
1989;New York-UAL;05.11.2019;448;0
1990;New York-UAL;06.11.2019;464,6666667;0,037202381
1991;New York-UAL;07.11.2019;506;0,088952654
1992;New York-UAL;08.11.2019;536;0,059288538
1993;New York-UAL;09.11.2019;536;0
1994;New York-UAL;10.11.2019;536;0
1995;New York-UAL;11.11.2019;536;0
1996;New York-UAL;12.11.2019;537;0,001865672
1997;New York-UAL;13.11.2019;536;-0,001862197
1998;New York-UAL;14.11.2019;537;0,001865672
1999;New York-UAL;15.11.2019;537;0
2000;New York-UAL;16.11.2019;537;0
2001;New York-UAL;17.11.2019;537;0
2002;New York-UAL;18.11.2019;462;-0,139664804
2003;New York-UAL;19.11.2019;536;0,16017316
2004;New York-UAL;20.11.2019;767;0,430970149
2005;New York-UAL;21.11.2019;650,3333333;-0,152107779
2006;New York-UAL;22.11.2019;511;-0,214249103
2007;New York-UAL;23.11.2019;736,6666667;0,441617743
2008;New York-UAL;24.11.2019;745;0,011312217
2009;New York-UAL;25.11.2019;552;-0,259060403
2010;New York-UAL;26.11.2019;512;-0,072463768
2011;New York-UAL;27.11.2019;746;0,45703125
2012;New York-UAL;28.11.2019;746;0
2013;New York-UAL;29.11.2019;746;0
2014;New York-UAL;30.11.2019;746;0
2015;New York-UAL;01.12.2019;581,6666667;-0,22028597
2016;New York-UAL;02.12.2019;503,6666667;-0,134097421
2017;New York-UAL;03.12.2019;746;0,481138319
2018;New York-UAL;04.12.2019;745;-0,001340483
2019;New York-UAL;05.12.2019;745;0
2020;New York-UAL;06.12.2019;745;0
2021;New York-UAL;07.12.2019;745;0
2022;New York-UAL;08.12.2019;745;0
2023;New York-UAL;09.12.2019;745;0
2024;New York-UAL;10.12.2019;745;0
2025;New York-UAL;11.12.2019;745;0
2026;New York-UAL;12.12.2019;745;0
2027;New York-UAL;13.12.2019;745;0
2028;New York-UAL;14.12.2019;745;0
2029;New York-UAL;15.12.2019;759,6666667;0,019686801
2030;New York-UAL;16.12.2019;759,6666667;0
2031;New York-UAL;17.12.2019;745;-0,019306713
2032;New York-UAL;18.12.2019;561;-0,246979866
2033;New York-UAL;19.12.2019;544,3333333;-0,029708853
2034;New York-UAL;20.12.2019;745;0,368646663
2035;New York-UAL;21.12.2019;745;0
2036;New York-UAL;22.12.2019;745;0
2037;New York-UAL;23.12.2019;745;0
2038;New York-UAL;24.12.2019;745;0
2039;New York-UAL;25.12.2019;745;0
2040;New York-UAL;26.12.2019;745;0
2041;New York-UAL;27.12.2019;745;0
2042;New York-UAL;28.12.2019;745;0
2043;New York-UAL;29.12.2019;745;0
2044;New York-UAL;30.12.2019;745;0
2045;New York-UAL;31.12.2019;744;-0,001342282
2046;New York-UAL;01.01.2020;745;0,001344086
2047;New York-UAL;02.01.2020;745;0
2048;New York-UAL;03.01.2020;745;0
2049;New York-UAL;04.01.2020;745;0
2050;New York-UAL;05.01.2020;745;0
2051;New York-UAL;06.01.2020;561;-0,246979866
2052;New York-UAL;07.01.2020;561;0
2053;New York-UAL;08.01.2020;691,3333333;0,232323232
2054;New York-UAL;09.01.2020;745;0,077627772
2055;New York-UAL;10.01.2020;691,3333333;-0,072035794
2056;New York-UAL;11.01.2020;561;-0,18852459
2057;New York-UAL;12.01.2020;584;0,040998217
2058;New York-UAL;13.01.2020;767;0,313356164
2059;New York-UAL;14.01.2020;745;-0,028683181
2060;New York-UAL;15.01.2020;745;0
2061;New York-UAL;16.01.2020;745;0
2062;New York-UAL;17.01.2020;759,6666667;0,019686801
2063;New York-UAL;18.01.2020;767;0,009653357
2064;New York-UAL;19.01.2020;752,3333333;-0,019122121
2065;Tokio-ANA;01.08.2019;654,6666667;0
2066;Tokio-ANA;02.08.2019;683,3333333;0,043788187
2067;Tokio-ANA;03.08.2019;712,6666667;0,042926829
2068;Tokio-ANA;04.08.2019;757,6666667;0,063143124
2069;Tokio-ANA;05.08.2019;701;-0,074791025
2070;Tokio-ANA;06.08.2019;713;0,017118402
2071;Tokio-ANA;07.08.2019;736;0,032258065
2072;Tokio-ANA;08.08.2019;740,3333333;0,005887681
2073;Tokio-ANA;09.08.2019;697,3333333;-0,058081945
2074;Tokio-ANA;10.08.2019;696,3333333;-0,001434034
2075;Tokio-ANA;11.08.2019;696,3333333;0
2076;Tokio-ANA;12.08.2019;693,6666667;-0,003829584
2077;Tokio-ANA;13.08.2019;702,6666667;0,012974531
2078;Tokio-ANA;14.08.2019;703;0,000474383
2079;Tokio-ANA;15.08.2019;759;0,079658606
2080;Tokio-ANA;16.08.2019;733,6666667;-0,033377251
2081;Tokio-ANA;17.08.2019;701;-0,044525216
2082;Tokio-ANA;18.08.2019;696,6666667;-0,006181645
2083;Tokio-ANA;19.08.2019;720,6666667;0,034449761
2084;Tokio-ANA;20.08.2019;698;-0,031452359
2085;Tokio-ANA;21.08.2019;693,3333333;-0,006685769
2086;Tokio-ANA;22.08.2019;703,6666667;0,014903846
2087;Tokio-ANA;23.08.2019;729,3333333;0,036475604
2088;Tokio-ANA;24.08.2019;758;0,039305302
2089;Tokio-ANA;25.08.2019;725,6666667;-0,042656113
2090;Tokio-ANA;26.08.2019;759,6666667;0,046853468
2091;Tokio-ANA;27.08.2019;724;-0,046950417
2092;Tokio-ANA;28.08.2019;708,6666667;-0,021178637
2093;Tokio-ANA;29.08.2019;703;-0,007996237
2094;Tokio-ANA;30.08.2019;721,3333333;0,02607871
2095;Tokio-ANA;31.08.2019;713,3333333;-0,011090573
2096;Tokio-ANA;01.09.2019;702;-0,01588785
2097;Tokio-ANA;02.09.2019;668;-0,048433048
2098;Tokio-ANA;03.09.2019;669;0,001497006
2099;Tokio-ANA;04.09.2019;668,6666667;-0,000498256
2100;Tokio-ANA;05.09.2019;635,3333333;-0,049850449
2101;Tokio-ANA;06.09.2019;636;0,001049318
2102;Tokio-ANA;07.09.2019;602,6666667;-0,052410901
2103;Tokio-ANA;08.09.2019;563;-0,065818584
2104;Tokio-ANA;09.09.2019;596;0,058614565
2105;Tokio-ANA;10.09.2019;597;0,001677852
2106;Tokio-ANA;11.09.2019;635,6666667;0,064768286
2107;Tokio-ANA;12.09.2019;635,6666667;0
2108;Tokio-ANA;13.09.2019;635,6666667;0
2109;Tokio-ANA;14.09.2019;634;-0,002621919
2110;Tokio-ANA;15.09.2019;633,6666667;-0,000525762
2111;Tokio-ANA;16.09.2019;635,6666667;0,003156234
2112;Tokio-ANA;17.09.2019;635,3333333;-0,000524384
2113;Tokio-ANA;18.09.2019;699,6666667;0,101259182
2114;Tokio-ANA;19.09.2019;794;0,134826108
2115;Tokio-ANA;20.09.2019;764,3333333;-0,03736356
2116;Tokio-ANA;21.09.2019;744,6666667;-0,025730484
2117;Tokio-ANA;22.09.2019;746,3333333;0,002238138
2118;Tokio-ANA;23.09.2019;713;-0,044662796
2119;Tokio-ANA;24.09.2019;689,6666667;-0,032725573
2120;Tokio-ANA;25.09.2019;663,6666667;-0,037699372
2121;Tokio-ANA;26.09.2019;680,6666667;0,025615269
2122;Tokio-ANA;27.09.2019;702,3333333;0,031831538
2123;Tokio-ANA;28.09.2019;702;-0,000474608
2124;Tokio-ANA;29.09.2019;701,6666667;-0,000474834
2125;Tokio-ANA;30.09.2019;679,6666667;-0,031353919
2126;Tokio-ANA;01.10.2019;658,6666667;-0,030897499
2127;Tokio-ANA;02.10.2019;655,3333333;-0,005060729
2128;Tokio-ANA;03.10.2019;655,3333333;0
2129;Tokio-ANA;04.10.2019;655,3333333;0
2130;Tokio-ANA;05.10.2019;637;-0,027975585
2131;Tokio-ANA;06.10.2019;654,6666667;0,027734171
2132;Tokio-ANA;07.10.2019;658,6666667;0,00610998
2133;Tokio-ANA;08.10.2019;782,3333333;0,187753036
2134;Tokio-ANA;09.10.2019;759,6666667;-0,028973157
2135;Tokio-ANA;10.10.2019;759,6666667;0
2136;Tokio-ANA;11.10.2019;763,3333333;0,004826678
2137;Tokio-ANA;12.10.2019;759,3333333;-0,005240175
2138;Tokio-ANA;13.10.2019;759,3333333;0
2139;Tokio-ANA;14.10.2019;740,6666667;-0,024582968
2140;Tokio-ANA;15.10.2019;701,3333333;-0,053105311
2141;Tokio-ANA;16.10.2019;701,3333333;0
2142;Tokio-ANA;17.10.2019;706,6666667;0,007604563
2143;Tokio-ANA;18.10.2019;703;-0,005188679
2144;Tokio-ANA;19.10.2019;686,3333333;-0,023707918
2145;Tokio-ANA;20.10.2019;701,6666667;0,022340942
2146;Tokio-ANA;21.10.2019;703,3333333;0,002375297
2147;Tokio-ANA;22.10.2019;701,3333333;-0,002843602
2148;Tokio-ANA;23.10.2019;699,6666667;-0,002376426
2149;Tokio-ANA;24.10.2019;704,3333333;0,006669843
2150;Tokio-ANA;25.10.2019;700,3333333;-0,005679129
2151;Tokio-ANA;26.10.2019;733,3333333;0,047120419
2152;Tokio-ANA;27.10.2019;695,3333333;-0,051818182
2153;Tokio-ANA;28.10.2019;698,6666667;0,004793864
2154;Tokio-ANA;29.10.2019;699,3333333;0,000954198
2155;Tokio-ANA;30.10.2019;699,3333333;0
2156;Tokio-ANA;31.10.2019;738;0,055290753
2157;Tokio-ANA;01.11.2019;738;0
2158;Tokio-ANA;02.11.2019;695,3333333;-0,057813911
2159;Tokio-ANA;03.11.2019;696,6666667;0,001917546
2160;Tokio-ANA;04.11.2019;700;0,004784689
2161;Tokio-ANA;05.11.2019;698,6666667;-0,001904762
2162;Tokio-ANA;06.11.2019;683,3333333;-0,021946565
2163;Tokio-ANA;07.11.2019;653,3333333;-0,043902439
2164;Tokio-ANA;08.11.2019;668,3333333;0,022959184
2165;Tokio-ANA;09.11.2019;679,6666667;0,016957606
2166;Tokio-ANA;10.11.2019;649;-0,045120157
2167;Tokio-ANA;11.11.2019;653;0,006163328
2168;Tokio-ANA;12.11.2019;652,6666667;-0,000510465
2169;Tokio-ANA;13.11.2019;655,6666667;0,004596527
2170;Tokio-ANA;14.11.2019;653;-0,004067107
2171;Tokio-ANA;15.11.2019;687,6666667;0,05308831
2172;Tokio-ANA;16.11.2019;696;0,012118274
2173;Tokio-ANA;17.11.2019;679,6666667;-0,023467433
2174;Tokio-ANA;18.11.2019;651,3333333;-0,041687102
2175;Tokio-ANA;19.11.2019;685;0,051688843
2176;Tokio-ANA;20.11.2019;682;-0,004379562
2177;Tokio-ANA;21.11.2019;651;-0,045454545
2178;Tokio-ANA;22.11.2019;651;0
2179;Tokio-ANA;23.11.2019;648,6666667;-0,003584229
2180;Tokio-ANA;24.11.2019;649;0,000513875
2181;Tokio-ANA;25.11.2019;651,3333333;0,003595275
2182;Tokio-ANA;26.11.2019;651,6666667;0,000511771
2183;Tokio-ANA;27.11.2019;651,6666667;0
2184;Tokio-ANA;28.11.2019;651,3333333;-0,000511509
2185;Tokio-ANA;29.11.2019;651,6666667;0,000511771
2186;Tokio-ANA;30.11.2019;649;-0,004092072
2187;Tokio-ANA;01.12.2019;647,6666667;-0,002054443
2188;Tokio-ANA;02.12.2019;651,3333333;0,005661348
2189;Tokio-ANA;03.12.2019;650,6666667;-0,001023541
2190;Tokio-ANA;04.12.2019;649,3333333;-0,00204918
2191;Tokio-ANA;05.12.2019;650;0,001026694
2192;Tokio-ANA;06.12.2019;650;0
2193;Tokio-ANA;07.12.2019;648;-0,003076923
2194;Tokio-ANA;08.12.2019;647,3333333;-0,001028807
2195;Tokio-ANA;09.12.2019;653;0,008753862
2196;Tokio-ANA;10.12.2019;665,3333333;0,018887187
2197;Tokio-ANA;11.12.2019;650;-0,023046092
2198;Tokio-ANA;12.12.2019;652,6666667;0,004102564
2199;Tokio-ANA;13.12.2019;653,3333333;0,00102145
2200;Tokio-ANA;14.12.2019;717;0,09744898
2201;Tokio-ANA;15.12.2019;679,3333333;-0,052533705
2202;Tokio-ANA;16.12.2019;719;0,058390579
2203;Tokio-ANA;17.12.2019;684;-0,04867872
2204;Tokio-ANA;18.12.2019;649,3333333;-0,050682261
2205;Tokio-ANA;19.12.2019;688,6666667;0,060574949
2206;Tokio-ANA;20.12.2019;756,3333333;0,098257502
2207;Tokio-ANA;21.12.2019;713,6666667;-0,056412517
2208;Tokio-ANA;22.12.2019;728,6666667;0,021018216
2209;Tokio-ANA;23.12.2019;826;0,13357731
2210;Tokio-ANA;24.12.2019;845,3333333;0,023405973
2211;Tokio-ANA;25.12.2019;805,3333333;-0,047318612
2212;Tokio-ANA;26.12.2019;714,6666667;-0,112582781
2213;Tokio-ANA;27.12.2019;979,6666667;0,370802239
2214;Tokio-ANA;28.12.2019;807;-0,176250425
2215;Tokio-ANA;29.12.2019;868,6666667;0,076414705
2216;Tokio-ANA;30.12.2019;917;0,055640829
2217;Tokio-ANA;31.12.2019;899;-0,019629226
2218;Tokio-ANA;01.01.2020;844,3333333;-0,060808306
2219;Tokio-ANA;02.01.2020;702,6666667;-0,167785235
2220;Tokio-ANA;03.01.2020;903;0,285104364
2221;Tokio-ANA;04.01.2020;817,3333333;-0,094868955
2222;Tokio-ANA;05.01.2020;897;0,097471452
2223;Tokio-ANA;06.01.2020;828,6666667;-0,076179859
2224;Tokio-ANA;07.01.2020;772,6666667;-0,067578439
2225;Tokio-ANA;08.01.2020;752,3333333;-0,026315789
2226;Tokio-ANA;09.01.2020;969,6666667;0,288879043
2227;Tokio-ANA;10.01.2020;895,6666667;-0,076314885
2228;Tokio-ANA;11.01.2020;1055;0,177893562
2229;Tokio-ANA;12.01.2020;994;-0,057819905
2230;Tokio-ANA;13.01.2020;933,3333333;-0,061032864
2231;Tokio-ANA;14.01.2020;1085,333333;0,162857143
2232;Tokio-ANA;15.01.2020;1011,666667;-0,067874693
2233;Tokio-ANA;16.01.2020;1667,333333;0,648105437
2234;Tokio-ANA;17.01.2020;2290,666667;0,37385046
2235;Tokio-ANA;18.01.2020;2313;0,009749709
2236;Tokio-ANA;19.01.2020;2313;0
2237;Tokio-AUA;01.08.2019;826,6666667;0
2238;Tokio-AUA;02.08.2019;825,3333333;-0,001612903
2239;Tokio-AUA;03.08.2019;808,6666667;-0,020193861
2240;Tokio-AUA;04.08.2019;777;-0,03915911
2241;Tokio-AUA;05.08.2019;827,6666667;0,065208065
2242;Tokio-AUA;06.08.2019;852,3333333;0,029802658
2243;Tokio-AUA;07.08.2019;852;-0,000391083
2244;Tokio-AUA;08.08.2019;852;0
2245;Tokio-AUA;09.08.2019;843,3333333;-0,010172144
2246;Tokio-AUA;10.08.2019;809,3333333;-0,040316206
2247;Tokio-AUA;11.08.2019;802,6666667;-0,008237232
2248;Tokio-AUA;12.08.2019;781;-0,026993355
2249;Tokio-AUA;13.08.2019;852,3333333;0,091335894
2250;Tokio-AUA;14.08.2019;852,3333333;0
2251;Tokio-AUA;15.08.2019;852,3333333;0
2252;Tokio-AUA;16.08.2019;852,3333333;0
2253;Tokio-AUA;17.08.2019;849,6666667;-0,003128666
2254;Tokio-AUA;18.08.2019;826;-0,02785406
2255;Tokio-AUA;19.08.2019;828,6666667;0,00322841
2256;Tokio-AUA;20.08.2019;879,3333333;0,061142397
2257;Tokio-AUA;21.08.2019;899;0,022365428
2258;Tokio-AUA;22.08.2019;900,3333333;0,001483129
2259;Tokio-AUA;23.08.2019;900,3333333;0
2260;Tokio-AUA;24.08.2019;897,6666667;-0,002961866
2261;Tokio-AUA;25.08.2019;873,6666667;-0,026735982
2262;Tokio-AUA;26.08.2019;828,3333333;-0,051888592
2263;Tokio-AUA;27.08.2019;852,3333333;0,028973843
2264;Tokio-AUA;28.08.2019;828,3333333;-0,028157998
2265;Tokio-AUA;29.08.2019;828,3333333;0
2266;Tokio-AUA;30.08.2019;828,3333333;0
2267;Tokio-AUA;31.08.2019;803;-0,030583501
2268;Tokio-AUA;01.09.2019;758,6666667;-0,055209631
2269;Tokio-AUA;02.09.2019;798;0,051845343
2270;Tokio-AUA;03.09.2019;828,3333333;0,038011696
2271;Tokio-AUA;04.09.2019;828,6666667;0,000402414
2272;Tokio-AUA;05.09.2019;828,6666667;0
2273;Tokio-AUA;06.09.2019;828,6666667;0
2274;Tokio-AUA;07.09.2019;782,3333333;-0,055913113
2275;Tokio-AUA;08.09.2019;759;-0,029825309
2276;Tokio-AUA;09.09.2019;760;0,001317523
2277;Tokio-AUA;10.09.2019;761,3333333;0,001754386
2278;Tokio-AUA;11.09.2019;761,6666667;0,000437828
2279;Tokio-AUA;12.09.2019;761,3333333;-0,000437637
2280;Tokio-AUA;13.09.2019;759,3333333;-0,00262697
2281;Tokio-AUA;14.09.2019;758;-0,001755926
2282;Tokio-AUA;15.09.2019;758,6666667;0,000879507
2283;Tokio-AUA;16.09.2019;761,6666667;0,003954306
2284;Tokio-AUA;17.09.2019;761,3333333;-0,000437637
2285;Tokio-AUA;18.09.2019;794;0,04290718
2286;Tokio-AUA;19.09.2019;833,6666667;0,049958018
2287;Tokio-AUA;20.09.2019;805,6666667;-0,033586565
2288;Tokio-AUA;21.09.2019;825;0,02399669
2289;Tokio-AUA;22.09.2019;825;0
2290;Tokio-AUA;23.09.2019;805,3333333;-0,023838384
2291;Tokio-AUA;24.09.2019;760,3333333;-0,055877483
2292;Tokio-AUA;25.09.2019;767,6666667;0,009644893
2293;Tokio-AUA;26.09.2019;798;0,039513678
2294;Tokio-AUA;27.09.2019;782,6666667;-0,019214703
2295;Tokio-AUA;28.09.2019;758;-0,031516184
2296;Tokio-AUA;29.09.2019;758,3333333;0,000439754
2297;Tokio-AUA;30.09.2019;760,3333333;0,002637363
2298;Tokio-AUA;01.10.2019;778;0,023235423
2299;Tokio-AUA;02.10.2019;761;-0,0218509
2300;Tokio-AUA;03.10.2019;761;0
2301;Tokio-AUA;04.10.2019;761;0
2302;Tokio-AUA;05.10.2019;759,3333333;-0,002190101
2303;Tokio-AUA;06.10.2019;759;-0,000438982
2304;Tokio-AUA;07.10.2019;768;0,011857708
2305;Tokio-AUA;08.10.2019;858,6666667;0,118055556
2306;Tokio-AUA;09.10.2019;827,6666667;-0,036102484
2307;Tokio-AUA;10.10.2019;827,6666667;0
2308;Tokio-AUA;11.10.2019;823,3333333;-0,005235602
2309;Tokio-AUA;12.10.2019;826;0,003238866
2310;Tokio-AUA;13.10.2019;827;0,001210654
2311;Tokio-AUA;14.10.2019;827,3333333;0,000403063
2312;Tokio-AUA;15.10.2019;827;-0,000402901
2313;Tokio-AUA;16.10.2019;832;0,006045949
2314;Tokio-AUA;17.10.2019;833;0,001201923
2315;Tokio-AUA;18.10.2019;830,6666667;-0,00280112
2316;Tokio-AUA;19.10.2019;829;-0,002006421
2317;Tokio-AUA;20.10.2019;829;0
2318;Tokio-AUA;21.10.2019;832;0,003618818
2319;Tokio-AUA;22.10.2019;831,6666667;-0,000400641
2320;Tokio-AUA;23.10.2019;831;-0,000801603
2321;Tokio-AUA;24.10.2019;832,6666667;0,002005616
2322;Tokio-AUA;25.10.2019;832,3333333;-0,00040032
2323;Tokio-AUA;26.10.2019;872;0,047657189
2324;Tokio-AUA;27.10.2019;847;-0,028669725
2325;Tokio-AUA;28.10.2019;827,6666667;-0,022825659
2326;Tokio-AUA;29.10.2019;828,3333333;0,000805477
2327;Tokio-AUA;30.10.2019;873,6666667;0,05472837
2328;Tokio-AUA;31.10.2019;881,3333333;0,008775277
2329;Tokio-AUA;01.11.2019;882;0,00075643
2330;Tokio-AUA;02.11.2019;824,3333333;-0,065381708
2331;Tokio-AUA;03.11.2019;825,6666667;0,001617469
2332;Tokio-AUA;04.11.2019;829,6666667;0,00484457
2333;Tokio-AUA;05.11.2019;829,3333333;-0,000401768
2334;Tokio-AUA;06.11.2019;814,3333333;-0,018086817
2335;Tokio-AUA;07.11.2019;790;-0,029881293
2336;Tokio-AUA;08.11.2019;831;0,051898734
2337;Tokio-AUA;09.11.2019;831,6666667;0,000802246
2338;Tokio-AUA;10.11.2019;806;-0,030861723
2339;Tokio-AUA;11.11.2019;797,3333333;-0,010752688
2340;Tokio-AUA;12.11.2019;782,3333333;-0,018812709
2341;Tokio-AUA;13.11.2019;835;0,067319983
2342;Tokio-AUA;14.11.2019;815;-0,023952096
2343;Tokio-AUA;15.11.2019;863,3333333;0,059304703
2344;Tokio-AUA;16.11.2019;847;-0,018918919
2345;Tokio-AUA;17.11.2019;825,3333333;-0,02558048
2346;Tokio-AUA;18.11.2019;815,3333333;-0,012116317
2347;Tokio-AUA;19.11.2019;845;0,036385936
2348;Tokio-AUA;20.11.2019;812,6666667;-0,0382643
2349;Tokio-AUA;21.11.2019;807;-0,006972929
2350;Tokio-AUA;22.11.2019;790,6666667;-0,02023957
2351;Tokio-AUA;23.11.2019;804,3333333;0,017284992
2352;Tokio-AUA;24.11.2019;773;-0,038955657
2353;Tokio-AUA;25.11.2019;761,6666667;-0,014661492
2354;Tokio-AUA;26.11.2019;752,3333333;-0,012253829
2355;Tokio-AUA;27.11.2019;759,3333333;0,009304386
2356;Tokio-AUA;28.11.2019;768,3333333;0,011852502
2357;Tokio-AUA;29.11.2019;757;-0,014750542
2358;Tokio-AUA;30.11.2019;777,6666667;0,027300749
2359;Tokio-AUA;01.12.2019;747;-0,039434205
2360;Tokio-AUA;02.12.2019;758;0,014725569
2361;Tokio-AUA;03.12.2019;790,3333333;0,042656113
2362;Tokio-AUA;04.12.2019;751,6666667;-0,048924504
2363;Tokio-AUA;05.12.2019;757,3333333;0,007538803
2364;Tokio-AUA;06.12.2019;782;0,032570423
2365;Tokio-AUA;07.12.2019;785,3333333;0,004262575
2366;Tokio-AUA;08.12.2019;754,3333333;-0,039473684
2367;Tokio-AUA;09.12.2019;819;0,085726911
2368;Tokio-AUA;10.12.2019;840;0,025641026
2369;Tokio-AUA;11.12.2019;782;-0,069047619
2370;Tokio-AUA;12.12.2019;803,3333333;0,027280477
2371;Tokio-AUA;13.12.2019;796,6666667;-0,008298755
2372;Tokio-AUA;14.12.2019;851;0,068200837
2373;Tokio-AUA;15.12.2019;836,6666667;-0,01684293
2374;Tokio-AUA;16.12.2019;890,3333333;0,064143426
2375;Tokio-AUA;17.12.2019;878,3333333;-0,013478098
2376;Tokio-AUA;18.12.2019;820;-0,066413662
2377;Tokio-AUA;19.12.2019;903,6666667;0,10203252
2378;Tokio-AUA;20.12.2019;1023,333333;0,13242346
2379;Tokio-AUA;21.12.2019;954,3333333;-0,06742671
2380;Tokio-AUA;22.12.2019;979;0,025847014
2381;Tokio-AUA;23.12.2019;1092;0,115423902
2382;Tokio-AUA;24.12.2019;1181;0,081501832
2383;Tokio-AUA;25.12.2019;1079,333333;-0,086085238
2384;Tokio-AUA;26.12.2019;1052;-0,025324274
2385;Tokio-AUA;27.12.2019;1207,333333;0,14765526
2386;Tokio-AUA;28.12.2019;1060,333333;-0,121755936
2387;Tokio-AUA;29.12.2019;1098,333333;0,035837787
2388;Tokio-AUA;30.12.2019;1164;0,059787557
2389;Tokio-AUA;31.12.2019;1092;-0,06185567
2390;Tokio-AUA;01.01.2020;1056,666667;-0,032356532
2391;Tokio-AUA;02.01.2020;1082,333333;0,024290221
2392;Tokio-AUA;03.01.2020;1138,333333;0,051740068
2393;Tokio-AUA;04.01.2020;1144,333333;0,005270864
2394;Tokio-AUA;05.01.2020;1186,666667;0,036993883
2395;Tokio-AUA;06.01.2020;1101;-0,072191011
2396;Tokio-AUA;07.01.2020;1133,666667;0,029669997
2397;Tokio-AUA;08.01.2020;1102;-0,027932961
2398;Tokio-AUA;09.01.2020;1412;0,281306715
2399;Tokio-AUA;10.01.2020;1171;-0,170679887
2400;Tokio-AUA;11.01.2020;1287,666667;0,099629946
2401;Tokio-AUA;12.01.2020;1244,666667;-0,033393735
2402;Tokio-AUA;13.01.2020;1095,333333;-0,119978575
2403;Tokio-AUA;14.01.2020;1581,666667;0,444004869
2404;Tokio-AUA;15.01.2020;1763;0,114646997
2405;Tokio-AUA;16.01.2020;2045,666667;0,160332766
2406;Tokio-AUA;17.01.2020;4143,333333;1,025419586
2407;Tokio-AUA;18.01.2020;4355;0,051086082
2408;Tokio-AUA;19.01.2020;3343;-0,232376579
